source_task_id,repo_task_id,epic_id,status,source_priority,source_phase,source_area,original_depends_on,converted_depends_on,unresolved_dependency_notes,acceptance_gate,source_title,source_lineage,active_disposition,canonical_task_refs
MP-PR000,TASK-0233,EPIC-136,DONE,P0,P0 Source freeze,platform/readiness,none,,,Pass3 artifacts merged into plan; implementation PRs reference current-code findings.,Red-team integration update,capex_v6,active_task,
MP-PR001,TASK-0234,EPIC-137,DONE,P0,P1 Platform Foundation,platform/readiness,PR000/G0,TASK-0233,/G0,Clean release bundle test passes; PR CI runs no production secrets.,Release-bundle cleanliness + Cloud Build PR skeleton,capex_v6,active_task,
MP-PR002,TASK-0235,EPIC-137,DONE,P0,P1 Platform Foundation,platform/readiness,PR001,TASK-0234,,Storage safety tests pass; artifact download authorizes before read.,Artifact storage safety,capex_v6,active_task,
MP-PR003,TASK-0236,EPIC-137,DONE,P0,P1 Platform Foundation,platform/readiness,PR001,TASK-0234,,Handlers can run inside existing transaction; no nested transaction failures.,Transaction composition safety,capex_v6,active_task,
MP-PR004,TASK-0237,EPIC-137,DONE,P0,P1 Platform Foundation,platform/readiness,PR002;PR003,TASK-0235;TASK-0236,,Audit report generated; known gaps tracked; no accidental permanent-red CI.,Invariant audit harness and demo audit fixture,capex_v6,active_task,
MP-PR005,TASK-0238,EPIC-137,DONE,P0,P1 Platform Foundation,platform/readiness,PR002;PR003;PR004,TASK-0235;TASK-0236;TASK-0237,,"Generated artifact helper emits created event, validates digest/partition, enforces storage policy.",Canonical generated-artifact helper,capex_v6,active_task,
MP-PR006,TASK-0239,EPIC-137,DONE,P0,P1 Platform Foundation,platform/readiness,PR005,TASK-0238,,Run/input/edge helpers tested; activation drift test passes.,Shared run/input/edge effect helpers + LogisticsRunResolver,capex_v6,active_task,
MP-PR007,TASK-0240,EPIC-137,DONE,P0,P1 Platform Foundation,platform/readiness,PR001-PR006,TASK-0234;TASK-0235;TASK-0236;TASK-0237;TASK-0238;TASK-0239,,Branch gate matrix updated; engineering runtime constraints enforceable.,Platform Foundation v0 declaration and branch gate,capex_v6,active_task,
MP-PR008,TASK-0241,EPIC-138,DONE,P0,P10 Deployment/Logistics readiness,platform/readiness,PR001;PR007,TASK-0234;TASK-0240,,Release build produces digest-based image and release manifest; no deploy yet.,Release build pipeline,capex_v6,active_task,
MP-PR009,TASK-0242,EPIC-138,DONE,P0,P10 Deployment/Logistics readiness,platform/readiness,PR008,TASK-0241,,backup_manifest.json schema validated; lab scripts know DB/artifact/release tuple.,Backup manifest schema + predeploy backup skeleton,capex_v6,active_task,
MP-PR010,TASK-0243,EPIC-138,DONE,P0,P10 Deployment/Logistics readiness,platform/readiness,PR002;PR003;PR008,TASK-0235;TASK-0236;TASK-0241,,Shared_env-like lab auth smoke passes; actor switching false.,Lab-only pilot auth prototype,capex_v6,active_task,
MP-PR011,TASK-0244,EPIC-138,BLOCKED,P0,P10 Deployment/Logistics readiness,platform/readiness,PR002;PR003;PR008;PR009;PR010,TASK-0235;TASK-0236;TASK-0241;TASK-0242;TASK-0243,,Lab deploy succeeds; backup skeleton runs; no real users.,Lab VM deploy pipeline,capex_v6,active_task,
MP-PR012,TASK-0245,EPIC-139,DONE,P0,P2 Logistics/domain production hardening,platform/readiness,PR005;PR007,TASK-0238;TASK-0240,,"Six Stage04 outputs have created events, file URIs, provenance, receipt.",Schedule-control hardening,capex_v6,active_task,
MP-PR013,TASK-0246,EPIC-139,DONE,P0,P2 Logistics/domain production hardening,platform/readiness,PR006;PR007,TASK-0239;TASK-0240,,Command scopes include source truth/target partition/policy version; scaffold tests pass.,Handoff scaffold and command scopes,capex_v6,active_task,
MP-PR014,TASK-0247,EPIC-139,DONE,P0,P2 Logistics/domain production hardening,platform/readiness,PR013;PR005;PR006,TASK-0238;TASK-0239;TASK-0246,,Seven seed artifacts created once; no inmem authoritative seed; EdgeExecution validated.,Weekly seed materialization hardening,capex_v6,active_task,
MP-PR015,TASK-0248,EPIC-139,DONE,P0,P2 Logistics/domain production hardening,platform/readiness,PR014;PR013,TASK-0246;TASK-0247,,Republish-after-prep records stale policy state; no silent base-seed rebind or binding conflict.,Live dispatch prepare/activate hardening + republish guard,capex_v6,active_task,
MP-PR016,TASK-0249,EPIC-139,DONE,P0,P2 Logistics/domain production hardening,platform/readiness,PR013;PR014,TASK-0246;TASK-0247,,Late reporting guard passes; replace-on-conflict disabled in shared_env/default path.,Notify-only/reporting handoff guard,capex_v6,active_task,
MP-PR017,TASK-0250,EPIC-139,DONE,P0,P2 Logistics/domain production hardening,platform/readiness,PR015;PR016,TASK-0248;TASK-0249,,Future/same-week ambiguity removed; policy tests pass incl ISO rollover.,"Planning-cycle, republish, late-report policy objects",capex_v6,active_task,
MP-PR018,TASK-0251,EPIC-139,DONE,P0,P2 Logistics/domain production hardening,platform/readiness,PR017;PR006,TASK-0239;TASK-0250,,Carry-forward creates target once; no Stage04 auto-run/approval.,Weekly-to-weekly carry-forward,capex_v6,active_task,
MP-PR019,TASK-0252,EPIC-139,DONE,P0,P2 Logistics/domain production hardening,platform/readiness,PR014;PR016;PR017,TASK-0247;TASK-0249;TASK-0250,,Dry-run no mutation; reports findings.,Reconciler dry-run only,capex_v6,active_task,
MP-PR020,TASK-0253,EPIC-139,DONE,P0,P2 Logistics/domain production hardening,platform/readiness,PR019;PR010,TASK-0243;TASK-0252,,Root not /demo in shared_env; actor switching hidden; failure-state fixtures pass.,Operator home failure-state surface,capex_v6,active_task,
MP-PR021,TASK-0254,EPIC-138,TODO,P0,P10 Deployment/Logistics readiness,platform/readiness,PR009;PR011;PR020,TASK-0242;TASK-0244;TASK-0253,,Restore proof passes on lab; artifact download smoke passes.,Restore rehearsal automation,capex_v6,active_task,
MP-PR022,TASK-0255,EPIC-138,TODO,P0,P10 Deployment/Logistics readiness,platform/readiness,PR017;PR019;PR021;PD-01;PD-02;PD-05,TASK-0250;TASK-0252;TASK-0254,PD-01;PD-02;PD-05,Apply repairs missing seed once; cannot change officialness; role gate passes.,Reconciler apply mode under role/policy gate,capex_v6,active_task,
MP-PR023,TASK-0256,EPIC-138,TODO,P0,P10 Deployment/Logistics readiness,platform/readiness,PR001-PR021;PR022 optional if apply required,TASK-0234;TASK-0235;TASK-0236;TASK-0237;TASK-0238;TASK-0239;TASK-0240;TASK-0241;TASK-0242;TASK-0243;TASK-0244;TASK-0245;TASK-0246;TASK-0247;TASK-0248;TASK-0249;TASK-0250;TASK-0251;TASK-0252;TASK-0253;TASK-0254;TASK-0255,optional if apply required,Pilot gate checklist all green; manual approval recorded.,Pilot deployment gate,capex_v6,active_task,
CLEAN-001,TASK-0257,EPIC-139,DONE,P0,P2 Domain boundary,backend/platform-domain,PR003; repo Pass3,TASK-0236,repo Pass3,CLEAN-APPROVAL,Extract logistics side effects from generic approval.respond,capex_v6,active_task,
CLEAN-002,TASK-0258,EPIC-139,DONE,P0,P2 Domain boundary,frontend/backend domain boundary,CLEAN-001,TASK-0257,,domain registry smoke tests,Create domain workpage/action descriptor registry,capex_v6,active_task,
CLEAN-003,TASK-0259,EPIC-139,DONE,P1,P11 Docs/devflow,documentation,Pass3 doc register,,Pass3 doc register,documentation gate passes,Classify and restructure logistics docs,capex_v6,active_task,
CLEAN-004,TASK-0260,EPIC-139,DONE,P0,P2 Domain boundary,tests,repo Pass3,,repo Pass3,CI can run platform subset,Split platform tests from logistics regression tests,capex_v6,active_task,
PROJ-001,TASK-0261,EPIC-140,DONE,P0,P3 Project/access,data-model/backend,PR007; CLEAN-001,TASK-0240;TASK-0257,,AT-PROJ-001,Decide and implement CAPEX project anchor schema,capex_v6,active_task,
PROJ-002,TASK-0262,EPIC-140,DONE,P0,P3 Project/access,auth/backend,PROJ-001,TASK-0261,,AT-PROJ-002; AT-PROJ-003,Implement project_membership and project roles,capex_v6,active_task,
PROJ-003,TASK-0263,EPIC-140,DONE,P0,P3 Project/access,backend/API,PROJ-001; PROJ-002,TASK-0261;TASK-0262,,AT-PROJ-004; AT-SCALE-003,Project-scoped artifact/task/flag/approval/pointer APIs,capex_v6,active_task,
PROJ-004,TASK-0264,EPIC-140,DONE,P1,P8 Workpages,frontend,PROJ-002,TASK-0262,,AT-PROJ-005,Project selector/dashboard for max-five active projects per user,capex_v6,active_task,
PROJ-005,TASK-0265,EPIC-140,DONE,P0,P9 Officialness,backend/pointers,PROJ-001; PR005,TASK-0238;TASK-0261,,AT-OFFICIAL-004; NU-006,Project-scoped official pointer families,capex_v6,active_task,
INGEST-001,TASK-0266,EPIC-141,DONE,P0,P5 Corpus ingest,backend/ingest,PROJ-001; PR002; PR003,TASK-0235;TASK-0236;TASK-0261,,AT-SCALE-001; AT-SCALE-002,Design bulk/staged corpus ingest architecture,capex_v6,active_task,
INGEST-002,TASK-0267,EPIC-141,DONE,P0,P5 Corpus ingest,backend/ingest/artifacts,INGEST-001; PR005,TASK-0238;TASK-0266,,AT-K12-CORPUS-001,"Implement digest, dedupe and source inventory pipeline",capex_v6,active_task,
INGEST-003,TASK-0268,EPIC-141,DONE,P0,P5 Corpus ingest,backend/generated artifacts,INGEST-002,TASK-0267,,AT-BRIDGE-005,Implement source occurrence register,capex_v6,active_task,
INGEST-004,TASK-0269,EPIC-141,DONE,P0,P5/P7 Corpus baseline,workflow/generated artifacts,INGEST-003,TASK-0268,,AT-ROLE-001; AT-PACKET-001,Implement role assignment and packet register artifacts,capex_v6,active_task,
INGEST-005,TASK-0270,EPIC-141,DONE,P0,P5 Corpus ingest,document indexing,INGEST-002,TASK-0267,,AT-SCALE-004,Document manifest and extraction-state artifact,capex_v6,active_task,
INGEST-006,TASK-0271,EPIC-141,DONE,P0,P5 Corpus ingest,document indexing,INGEST-005,TASK-0270,,AT-EVIDENCE-001,Text extraction and page manifest contracts,capex_v6,active_task,
INGEST-007,TASK-0272,EPIC-141,DONE,P0,P5/P6 Corpus indexing,search/index/projection,INGEST-006,TASK-0271,,AT-SCALE-005,Chunk/search/evidence-binding index,capex_v6,active_task,
INGEST-008,TASK-0273,EPIC-141,DONE,P0,P5 Performance,backend/repository,PROJ-003,TASK-0263,,AT-SCALE-006,Batch artifact link/provenance hydration,capex_v6,active_task,
INGEST-009,TASK-0274,EPIC-141,DONE,P0,P5 Corpus ingest,workflow/runtime,PR003; PR006; INGEST-001,TASK-0236;TASK-0239;TASK-0266,,NU-011; AT-AI-RETRY-001,Async job runtime for document processing,capex_v6,active_task,
INGEST-010,TASK-0275,EPIC-148,TODO,P0,P10 Capacity/deployment,ops/storage,INGEST-005; PR009; PR021,TASK-0242;TASK-0254;TASK-0270,,BACKUP-RESTORE; AT-SCALE-010,"Storage quota, backup and restore gate",capex_v6,active_task,
ART-001,TASK-0276,EPIC-142,DONE,P0,P6 Generated artifacts,schemas/backend,PR005,TASK-0238,,IMP-004; V-002,Implement generated artifact envelope and canonical naming,capex_v6,active_task,
ART-002,TASK-0277,EPIC-151,DONE,P0,P6/P9 Risk,schemas/risk,ART-001,TASK-0276,,AT-CEO-001,Add ceo_transparency_snapshot schema and decision,capex_v6,active_task,
ART-003,TASK-0278,EPIC-142,DONE,P0,P6 Validation,validation,ART-001,TASK-0276,,V-002; V-003,Implement schema and bundle validators,capex_v6,active_task,
ART-004,TASK-0279,EPIC-142,TODO,P0,P6 Validation,validation,ART-003,TASK-0278,,NU-007,Implement meaningful source_refs/evidence_refs policy,capex_v6,active_task,
ART-005,TASK-0280,EPIC-142,TODO,P0,P9 Officialness,pointers/approval,PROJ-005; ART-003,TASK-0265;TASK-0278,,V-004; NU-006,Implement pointer promotion request and policy checks,capex_v6,active_task,
ART-006,TASK-0281,EPIC-142,TODO,P0,P9 Officialness,workflow/validation,ART-003; WFLOW-005,TASK-0278;TASK-0287,,WF-008; AT-002,Implement stale/reopen register and rules,capex_v6,active_task,
ART-007,TASK-0282,EPIC-144,TODO,P1,P8/P9 Workpages,tests/support,ART-003; WP-001,TASK-0278;TASK-0291,,VAL-005,Implement projection consistency test manifest,capex_v6,active_task,
WFLOW-001,TASK-0283,EPIC-143,DONE,P0,P7 Workflows,workflow,PROJ-001; ART-001,TASK-0261;TASK-0276,,AT-007; NU-001,Project Intake Router workflow,capex_v6,active_task,
WFLOW-002,TASK-0284,EPIC-143,DONE,P0,P7 Workflows,workflow,INGEST-004; ART-003,TASK-0269;TASK-0278,,AT-BRIDGE-005,Corpus Baseline workflow,capex_v6,active_task,
WFLOW-003,TASK-0285,EPIC-143,DONE,P1,P7 Workflows,workflow/navigation,WFLOW-002,TASK-0284,,NU-003,Lifecycle Stage State workflow,capex_v6,active_task,
WFLOW-004,TASK-0286,EPIC-143,DONE,P0,P7 Workflows,workflow/commitments,WFLOW-002,TASK-0284,,AT-002; AT-COMMIT-001,Governance / Commitment Chain workflow,capex_v6,active_task,
WFLOW-005,TASK-0287,EPIC-143,DONE,P0,P7 Workflows,workflow/assumptions,WFLOW-002; WFLOW-004,TASK-0284;TASK-0286,,AT-007; NEG-CLOSE-001,Assumption Closure workflow,capex_v6,active_task,
WFLOW-006,TASK-0288,EPIC-143,DONE,P0,P7 Workflows,workflow/interfaces,WFLOW-002; WFLOW-005,TASK-0284;TASK-0287,,AT-INTERFACE-001,Owner Interface Resolution workflow,capex_v6,active_task,
WFLOW-007,TASK-0289,EPIC-143,DONE,P0,P7/P9 Synthesis,workflow/snapshot,WFLOW-003;WFLOW-004;WFLOW-005;WFLOW-006,TASK-0285;TASK-0286;TASK-0287;TASK-0288,,AT-001; AT-010,Project State Snapshot workflow,capex_v6,active_task,
WFLOW-008,TASK-0290,EPIC-151,DONE,P0,P9 Risk,workflow/risk,WFLOW-007; ART-002,TASK-0277;TASK-0289,,AT-BRIDGE-008; NU-010,Risk and CEO Transparency workflow,capex_v6,active_task,
WP-001,TASK-0291,EPIC-144,TODO,P0,P8 Workpages,frontend,PROJ-004,TASK-0264,,AT-PROJ-005,CAPEX project dashboard and shell,capex_v6,active_task,
WP-002,TASK-0292,EPIC-144,TODO,P0,P8 Workpages,frontend/workpage,WFLOW-001,TASK-0283,,WPAGE-001,Project Intake workpage,capex_v6,active_task,
WP-003,TASK-0293,EPIC-144,TODO,P0,P8 Workpages,frontend/workpage,WFLOW-002; INGEST-008,TASK-0273;TASK-0284,,WPAGE-002,Corpus Baseline / Packet Review workpage,capex_v6,active_task,
WP-004,TASK-0294,EPIC-144,TODO,P0,P8 Workpages,frontend/workpage,WFLOW-004,TASK-0286,,WPAGE-003,Commitment Chain workpage,capex_v6,active_task,
WP-005,TASK-0295,EPIC-144,TODO,P0,P8 Workpages,frontend/workpage,WFLOW-005,TASK-0287,,WPAGE-004,Assumption Closure workpage,capex_v6,active_task,
WP-006,TASK-0296,EPIC-144,TODO,P0,P8 Workpages,frontend/workpage,WFLOW-006,TASK-0288,,WPAGE-005,Interface Resolution workpage,capex_v6,active_task,
WP-007,TASK-0297,EPIC-144,TODO,P0,P8 Workpages,frontend/workpage,ART-006; WFLOW-005,TASK-0281;TASK-0287,,WPAGE-006,Flags / Tasks / Review Queue workpage,capex_v6,active_task,
WP-008,TASK-0298,EPIC-144,TODO,P0,P9 Officialness,frontend/workpage,ART-005,TASK-0280,,WPAGE-007,Pointer Promotion workpage,capex_v6,active_task,
WP-009,TASK-0299,EPIC-144,DONE,P0,P9 Risk,frontend/workpage,WFLOW-008,TASK-0290,,AT-CEO-001,Risk / Stale / CEO Cockpit,capex_v6,active_task,
K12-001,TASK-0300,EPIC-145,TODO,P0,P4 K12 fixture,data governance,DATA-00; PR002,TASK-0235,DATA-00,DATA-00; AT-K12-DATA-001,Raw K12 quarantine and sensitivity manifest,capex_v6,active_task,
K12-002,TASK-0301,EPIC-145,TODO,P0,P4 K12 fixture,fixture/test,K12-001,TASK-0300,,DATA-01,Sanitized K12 fixture extraction,capex_v6,active_task,
K12-003,TASK-0302,EPIC-145,TODO,P0,P4 K12 fixture,fixture/test,K12-002; WFLOW-002,TASK-0284;TASK-0301,,AT-K12-CORPUS-001..,K12 expected-output manifest,capex_v6,active_task,
K12-004,TASK-0303,EPIC-145,TODO,P0,P4/P7 K12 fixture,demo/test,K12-003; WFLOW-001,TASK-0283;TASK-0302,,NU-001; NU-002,K12 mid-project import demo script,capex_v6,active_task,
TEST-001,TASK-0304,EPIC-149,TODO,P0,P11 Testing,testing,Pass3 accepted,,Pass3 accepted,Master acceptance matrix complete,Consolidated acceptance matrix implementation mapping,capex_v6,active_task,
TEST-002,TASK-0305,EPIC-149,TODO,P0,P9 Validation,testing,ART-003; WFLOW-005,TASK-0278;TASK-0287,,NU-015,No-false-closure negative test suite,capex_v6,active_task,
TEST-003,TASK-0306,EPIC-148,TODO,P0,P10 Capacity,testing/performance,INGEST-008,TASK-0273,,AT-SCALE-007..010,Scale benchmark harness and CI/manual gates,capex_v6,active_task,
TEST-004,TASK-0307,EPIC-149,TODO,P0,P8/P9 Testing,testing,WP-003; ART-007,TASK-0282;TASK-0293,,VAL-005,Projection consistency and no-hidden-truth tests,capex_v6,active_task,
DOC-001,TASK-0308,EPIC-150,TODO,P0,P11 Docs/devflow,documentation,Pass3 accepted,,Pass3 accepted,docs gate,Restructure documentation tree,capex_v6,active_task,
DOC-002,TASK-0309,EPIC-150,TODO,P0,P11 Docs/devflow,process,DOC-001,TASK-0308,,task gate,Development flow and task template adoption,capex_v6,active_task,
DOC-003,TASK-0310,EPIC-150,TODO,P0,P11 Docs/devflow,process,DOC-002,TASK-0309,,review gate,Code review and refactor gate adoption,capex_v6,active_task,
DEPLOY-001,TASK-0311,EPIC-138,TODO,P0,P10 Deployment,ops,TEST-003; INGEST-010,TASK-0275;TASK-0306,,ROD-002,Storage/DB decision before controlled pilot,capex_v6,active_task,
DEPLOY-002,TASK-0312,EPIC-138,TODO,P0,P10 Deployment,ops,PR023; DEPLOY-001,TASK-0256;TASK-0311,,PG-01..PG-12,Pilot readiness and rollback gate,capex_v6,active_task,
SAFE-001,TASK-0313,EPIC-145,TODO,P0,Safety pass,data governance/testing,user uploads K12 raw project,,user uploads K12 raw project,before committing K12 fixture,Safety Pass A: raw K12 verification and sanitization QA,capex_v6,active_task,
SAFE-002,TASK-0314,EPIC-150,TODO,P0,Safety pass,planning/branching,user provides deployment roadmap/current branch policy,,user provides deployment roadmap/current branch policy,before CAPEX runtime branch,Safety Pass B: deployment roadmap/branch collision review,capex_v6,active_task,
SPB2-T001,TASK-0315,EPIC-145,TODO,P0,source_freeze_and_data_governance,data_governance/corpus_ingest/k3_shadow,PR000 rebaseline,TASK-0233,rebaseline,No raw real-project artifact is stored in repo/CI/release/log/package; policy exists and is referenced by fixture tasks.,Generalize fixture governance from K12-only to all real project corpora,capex_v6,active_task,
SPB2-T002,TASK-0316,EPIC-145,TODO,P0,corpus_ingest_foundation,data_governance/corpus_ingest/k3_shadow,project_id/project_corpus design,,project_id/project_corpus design,Corpus baseline refuses extraction/promotion until each source occurrence has triage_state_initial.,Implement source triage state model,capex_v6,active_task,
SPB2-T003,TASK-0317,EPIC-145,TODO,P1,corpus_ingest_foundation,data_governance/corpus_ingest/k3_shadow,bulk/staged ingest design,,bulk/staged ingest design,K3 split archive and synthetic nested archive fixture pass metadata-only profiling without extraction into repo.,Add split/nested archive handling with provenance,capex_v6,active_task,
SPB2-T004,TASK-0318,EPIC-145,TODO,P1,corpus_ingest_foundation,data_governance/corpus_ingest/k3_shadow,source occurrence register,,source occurrence register,"Shortcut fixture creates unresolved reference or ignored reference, never raw target ingestion.",Add shortcut reference policy,capex_v6,active_task,
SPB2-T005,TASK-0319,EPIC-145,TODO,P1,schemas_and_contracts,data_governance/corpus_ingest/k3_shadow,schema catalog update,,schema catalog update,Catalog reflects contracts without adding full K3 module to MVP critical path.,Reserve K3 authority/lifecycle module contracts,capex_v6,active_task,
SPB2-T006,TASK-0320,EPIC-145,TODO,P1,fixture_program,data_governance/corpus_ingest/k3_shadow,real-project corpus quarantine policy,,real-project corpus quarantine policy,K3 is listed as shadow/reference; no raw K3 content in repo/CI.,Create K3 shadow-regression plan,capex_v6,active_task,
SPB2-T007,TASK-0321,EPIC-145,TODO,P0,acceptance_tests,data_governance/corpus_ingest/k3_shadow,K3 mini-fixture expected-output catalog,,K3 mini-fixture expected-output catalog,Guardrail tests fail if these artifacts self-close project state.,Add K3 negative guardrail tests,capex_v6,active_task,
SAFE-B3-001,TASK-0322,EPIC-145,TODO,P0,post_research_safety,architecture_governance,open-source research result packs,,open-source research result packs,SPB3-G001,Run post-research formalism regression before adopting external architecture patterns,capex_v6,active_task,
SAFE-C-001,TASK-0323,EPIC-138,TODO,P0,branch_deployment_safety,deployment/branching,deployment roadmap; branch policy; PR008-PR023 plan,TASK-0241;TASK-0242;TASK-0243;TASK-0244;TASK-0245;TASK-0246;TASK-0247;TASK-0248;TASK-0249;TASK-0250;TASK-0251;TASK-0252;TASK-0253;TASK-0254;TASK-0255;TASK-0256,deployment roadmap; branch policy; plan,SPC-G001,Run full deployment and branch collision review when roadmap is supplied,capex_v6,active_task,
SAFE-D-001,TASK-0324,EPIC-148,TODO,P0,capacity_pilot_safety,capacity/storage/restore,sanitized fixture; selected storage/index backend; deployed test environment,,sanitized fixture; selected storage/index backend; deployed test environment,SPD-G001;SPD-G002,"Run full real-corpus capacity, backup, and restore rehearsal before pilot readiness",capex_v6,active_task,
QD-001,TASK-0325,EPIC-149,TODO,P0,P0,docs/devex,current master plan,,current master plan,QG-00;QG-08,Install conservative PR/task templates,capex_v6,active_task,
QD-002,TASK-0326,EPIC-149,TODO,P0,P0,process/code review,current master plan,,current master plan,QG-07,Define review tiers and specialist map,capex_v6,active_task,
QD-003,TASK-0327,EPIC-149,TODO,P0,P0,docs/code review,current master plan,,current master plan,QG-08,Add code review policy to master docs,capex_v6,active_task,
QD-004,TASK-0328,EPIC-149,TODO,P0,P0,docs/refactor,current master plan,,current master plan,QG-06,Add refactor policy to master docs,capex_v6,active_task,
QD-005,TASK-0329,EPIC-149,TODO,P1,P1,tooling,current master plan,,current master plan,QG-00,Add PR-size and scope check script as advisory,capex_v6,active_task,
QD-006,TASK-0330,EPIC-149,TODO,P1,P1,tooling,current master plan,,current master plan,QG-03;QG-09,Add architecture boundary forbidden-pattern checks,capex_v6,active_task,
QD-007,TASK-0331,EPIC-149,TODO,P1,P1,metrics,current master plan,,current master plan,QG-12,Create review metrics register,capex_v6,active_task,
QD-008,TASK-0332,EPIC-149,TODO,P1,P1,process,current master plan,,current master plan,QG-12,Create phase closeout template,capex_v6,active_task,
QD-P2-A,TASK-0333,EPIC-149,TODO,P0,P2,phase quality,prior phase closeout,,prior phase closeout,QG-00;QG-01;QG-02,P2 phase preflight quality review,capex_v6,active_task,
QD-P2-B,TASK-0334,EPIC-149,TODO,P0,P2,refactoring,P2 implementation slices,,P2 implementation slices,QG-06;QG-12,P2 stabilization/refactor pass,capex_v6,active_task,
QD-P2-C,TASK-0335,EPIC-149,TODO,P0,P2,quality gates,P2 gates,,P2 gates,QG-08;QG-11;QG-12,P2 phase closeout evidence,capex_v6,active_task,
QD-P3-A,TASK-0336,EPIC-149,TODO,P0,P3,phase quality,prior phase closeout,,prior phase closeout,QG-00;QG-01;QG-02,P3 phase preflight quality review,capex_v6,active_task,
QD-P3-B,TASK-0337,EPIC-149,TODO,P0,P3,refactoring,P3 implementation slices,,P3 implementation slices,QG-06;QG-12,P3 stabilization/refactor pass,capex_v6,active_task,
QD-P3-C,TASK-0338,EPIC-149,TODO,P0,P3,quality gates,P3 gates,,P3 gates,QG-08;QG-11;QG-12,P3 phase closeout evidence,capex_v6,active_task,
QD-P4-A,TASK-0339,EPIC-149,TODO,P0,P4,phase quality,prior phase closeout,,prior phase closeout,QG-00;QG-01;QG-02,P4 phase preflight quality review,capex_v6,active_task,
QD-P4-B,TASK-0340,EPIC-149,TODO,P1,P4,refactoring,P4 implementation slices,,P4 implementation slices,QG-06;QG-12,P4 stabilization/refactor pass,capex_v6,active_task,
QD-P4-C,TASK-0341,EPIC-149,TODO,P0,P4,quality gates,P4 gates,,P4 gates,QG-08;QG-11;QG-12,P4 phase closeout evidence,capex_v6,active_task,
QD-P4A-A,TASK-0342,EPIC-149,TODO,P1,P4A,phase quality,prior phase closeout,,prior phase closeout,QG-00;QG-01;QG-02,P4A phase preflight quality review,capex_v6,active_task,
QD-P4A-B,TASK-0343,EPIC-149,TODO,P1,P4A,refactoring,P4A implementation slices,,P4A implementation slices,QG-06;QG-12,P4A stabilization/refactor pass,capex_v6,active_task,
QD-P4A-C,TASK-0344,EPIC-149,TODO,P1,P4A,quality gates,P4A gates,,P4A gates,QG-08;QG-11;QG-12,P4A phase closeout evidence,capex_v6,active_task,
QD-P5-A,TASK-0345,EPIC-149,TODO,P0,P5,phase quality,prior phase closeout,,prior phase closeout,QG-00;QG-01;QG-02,P5 phase preflight quality review,capex_v6,active_task,
QD-P5-B,TASK-0346,EPIC-149,TODO,P0,P5,refactoring,P5 implementation slices,,P5 implementation slices,QG-06;QG-12,P5 stabilization/refactor pass,capex_v6,active_task,
QD-P5-C,TASK-0347,EPIC-149,TODO,P0,P5,quality gates,P5 gates,,P5 gates,QG-08;QG-11;QG-12,P5 phase closeout evidence,capex_v6,active_task,
QD-P6-A,TASK-0348,EPIC-149,TODO,P0,P6,phase quality,prior phase closeout,,prior phase closeout,QG-00;QG-01;QG-02,P6 phase preflight quality review,capex_v6,active_task,
QD-P6-B,TASK-0349,EPIC-149,TODO,P0,P6,refactoring,P6 implementation slices,,P6 implementation slices,QG-06;QG-12,P6 stabilization/refactor pass,capex_v6,active_task,
QD-P6-C,TASK-0350,EPIC-149,TODO,P0,P6,quality gates,P6 gates,,P6 gates,QG-08;QG-11;QG-12,P6 phase closeout evidence,capex_v6,active_task,
QD-P7-A,TASK-0351,EPIC-149,TODO,P1,P7,phase quality,prior phase closeout,,prior phase closeout,QG-00;QG-01;QG-02,P7 phase preflight quality review,capex_v6,active_task,
QD-P7-B,TASK-0352,EPIC-149,TODO,P1,P7,refactoring,P7 implementation slices,,P7 implementation slices,QG-06;QG-12,P7 stabilization/refactor pass,capex_v6,active_task,
QD-P7-C,TASK-0353,EPIC-149,TODO,P0,P7,quality gates,P7 gates,,P7 gates,QG-08;QG-11;QG-12,P7 phase closeout evidence,capex_v6,active_task,
QD-P8-A,TASK-0354,EPIC-149,TODO,P1,P8,phase quality,prior phase closeout,,prior phase closeout,QG-00;QG-01;QG-02,P8 phase preflight quality review,capex_v6,active_task,
QD-P8-B,TASK-0355,EPIC-149,TODO,P0,P8,refactoring,P8 implementation slices,,P8 implementation slices,QG-06;QG-12,P8 stabilization/refactor pass,capex_v6,active_task,
QD-P8-C,TASK-0356,EPIC-149,TODO,P0,P8,quality gates,P8 gates,,P8 gates,QG-08;QG-11;QG-12,P8 phase closeout evidence,capex_v6,active_task,
QD-P9-A,TASK-0357,EPIC-149,TODO,P1,P9,phase quality,prior phase closeout,,prior phase closeout,QG-00;QG-01;QG-02,P9 phase preflight quality review,capex_v6,active_task,
QD-P9-B,TASK-0358,EPIC-149,TODO,P0,P9,refactoring,P9 implementation slices,,P9 implementation slices,QG-06;QG-12,P9 stabilization/refactor pass,capex_v6,active_task,
QD-P9-C,TASK-0359,EPIC-149,TODO,P0,P9,quality gates,P9 gates,,P9 gates,QG-08;QG-11;QG-12,P9 phase closeout evidence,capex_v6,active_task,
QD-P10-A,TASK-0360,EPIC-149,TODO,P1,P10,phase quality,prior phase closeout,,prior phase closeout,QG-00;QG-01;QG-02,P10 phase preflight quality review,capex_v6,active_task,
QD-P10-B,TASK-0361,EPIC-149,TODO,P1,P10,refactoring,P10 implementation slices,,P10 implementation slices,QG-06;QG-12,P10 stabilization/refactor pass,capex_v6,active_task,
QD-P10-C,TASK-0362,EPIC-149,TODO,P0,P10,quality gates,P10 gates,,P10 gates,QG-08;QG-11;QG-12,P10 phase closeout evidence,capex_v6,active_task,
QD-P11-A,TASK-0363,EPIC-149,TODO,P1,P11,phase quality,prior phase closeout,,prior phase closeout,QG-00;QG-01;QG-02,P11 phase preflight quality review,capex_v6,active_task,
QD-P11-B,TASK-0364,EPIC-149,TODO,P1,P11,refactoring,P11 implementation slices,,P11 implementation slices,QG-06;QG-12,P11 stabilization/refactor pass,capex_v6,active_task,
QD-P11-C,TASK-0365,EPIC-149,TODO,P1,P11,quality gates,P11 gates,,P11 gates,QG-08;QG-11;QG-12,P11 phase closeout evidence,capex_v6,active_task,
QD-P12-A,TASK-0366,EPIC-149,TODO,P1,P12,phase quality,prior phase closeout,,prior phase closeout,QG-00;QG-01;QG-02,P12 phase preflight quality review,capex_v6,active_task,
QD-P12-B,TASK-0367,EPIC-149,TODO,P1,P12,refactoring,P12 implementation slices,,P12 implementation slices,QG-06;QG-12,P12 stabilization/refactor pass,capex_v6,active_task,
QD-P12-C,TASK-0368,EPIC-149,TODO,P1,P12,quality gates,P12 gates,,P12 gates,QG-08;QG-11;QG-12,P12 phase closeout evidence,capex_v6,active_task,
RF-001,TASK-0369,EPIC-139,DONE,P0,P2,refactoring/domain extraction,phase preflight and safety net,,phase preflight and safety net,QG-06;QG-07;QG-08,Approval side-effect extraction,capex_v6,active_task,
RF-002,TASK-0370,EPIC-139,DONE,P1,P2,refactoring/domain extraction,phase preflight and safety net,,phase preflight and safety net,QG-06;QG-07;QG-08,Domain workpage descriptor registry,capex_v6,active_task,
RF-003,TASK-0371,EPIC-140,DONE,P0,P3,refactoring/source-of-truth hardening,phase preflight and safety net,,phase preflight and safety net,QG-06;QG-07;QG-08,Project-scope query helper,capex_v6,active_task,
RF-004,TASK-0372,EPIC-141,DONE,P0,P5,refactoring/query/projection refactor,phase preflight and safety net,,phase preflight and safety net,QG-06;QG-07;QG-08,Artifact list pagination adapter,capex_v6,active_task,
RF-005,TASK-0373,EPIC-141,DONE,P0,P5,refactoring/query/projection refactor,phase preflight and safety net,,phase preflight and safety net,QG-06;QG-07;QG-08,Batch relation hydration,capex_v6,active_task,
RF-006,TASK-0374,EPIC-141,DONE,P0,P5,refactoring/adapter boundary creation,phase preflight and safety net,,phase preflight and safety net,QG-06;QG-07;QG-08,Bulk ingest adapter seam,capex_v6,active_task,
RF-007,TASK-0375,EPIC-142,TODO,P0,P6,refactoring/source-of-truth hardening,phase preflight and safety net,,phase preflight and safety net,QG-06;QG-07;QG-08,Generated artifact helper migration,capex_v6,active_task,
RF-008,TASK-0376,EPIC-142,TODO,P0,P9,refactoring/source-of-truth hardening,phase preflight and safety net,,phase preflight and safety net,QG-06;QG-07;QG-08,Pointer promotion validator isolation,capex_v6,active_task,
RF-009,TASK-0377,EPIC-144,TODO,P0,P8,refactoring/workpage projection cleanup,phase preflight and safety net,,phase preflight and safety net,QG-06;QG-07;QG-08,Workpage projection/command split,capex_v6,active_task,
RF-010,TASK-0378,EPIC-145,TODO,P0,P4/P4A,refactoring/adapter boundary creation,phase preflight and safety net,,phase preflight and safety net,QG-06;QG-07;QG-08,Fixture quarantine utility,capex_v6,active_task,
RF-011,TASK-0379,EPIC-150,TODO,P1,P10/P11,refactoring/scaffold retirement,phase preflight and safety net,,phase preflight and safety net,QG-06;QG-07;QG-08,Feature flag retirement register,capex_v6,active_task,
RF-012,TASK-0380,EPIC-150,TODO,P1,P11,refactoring/documentation cleanup,phase preflight and safety net,,phase preflight and safety net,QG-06;QG-07;QG-08,Docs route/status cleanup,capex_v6,active_task,
ARCH-W1-T001,TASK-0381,EPIC-140,DONE,P0/P1,P3/P4 Foundation,platform/domain/project/storage,architecture CED accepted,,architecture CED accepted,W1-accepted-gates + semantic MR gate,Create capex_platform/domain_runtime skeleton,capex_v6,active_task,
ARCH-W1-T002,TASK-0382,EPIC-140,DONE,P0/P1,P3/P4 Foundation,platform/domain/project/storage,architecture CED accepted,,architecture CED accepted,W1-accepted-gates + semantic MR gate,Inventory logistics domain manifest in ready state,capex_v6,active_task,
ARCH-W1-T003,TASK-0383,EPIC-140,DONE,P0/P1,P3/P4 Foundation,platform/domain/project/storage,architecture CED accepted,,architecture CED accepted,W1-accepted-gates + semantic MR gate,Create CAPEX domain manifest in not-ready/incubation state,capex_v6,active_task,
ARCH-W1-T004,TASK-0384,EPIC-140,DONE,P0/P1,P3/P4 Foundation,platform/domain/project/storage,architecture CED accepted,,architecture CED accepted,W1-accepted-gates + semantic MR gate,Extract generic approval side effects behind registry in shadow mode,capex_v6,active_task,
ARCH-W1-T005,TASK-0385,EPIC-140,DONE,P0/P1,P3/P4 Foundation,platform/domain/project/storage,architecture CED accepted,,architecture CED accepted,W1-accepted-gates + semantic MR gate,Design capex_project and membership schema CED,capex_v6,active_task,
ARCH-W1-T006,TASK-0386,EPIC-140,DONE,P0/P1,P3/P4 Foundation,platform/domain/project/storage,architecture CED accepted,,architecture CED accepted,W1-accepted-gates + semantic MR gate,Implement AuthorizedProjectsQuery prototype and tests,capex_v6,active_task,
ARCH-W1-T007,TASK-0387,EPIC-140,DONE,P0/P1,P3/P4 Foundation,platform/domain/project/storage,architecture CED accepted,,architecture CED accepted,W1-accepted-gates + semantic MR gate,Design storage/blob custody schema CED,capex_v6,active_task,
ARCH-W1-T008,TASK-0388,EPIC-140,DONE,P0/P1,P3/P4 Foundation,platform/domain/project/storage,architecture CED accepted,,architecture CED accepted,W1-accepted-gates + semantic MR gate,Create pilot storage gate checklist,capex_v6,active_task,
ARCH-W1-T009,TASK-0389,EPIC-140,DONE,P0/P1,P3/P4 Foundation,platform/domain/project/storage,architecture CED accepted,,architecture CED accepted,W1-accepted-gates + semantic MR gate,Add architecture snippets and code pattern register,capex_v6,active_task,
ARCH-W1-T010,TASK-0390,EPIC-140,DONE,P0/P1,P3/P4 Foundation,platform/domain/project/storage,architecture CED accepted,,architecture CED accepted,W1-accepted-gates + semantic MR gate,W1 closeout review and old-decision update,capex_v6,active_task,
ARCH-W2-S01,TASK-0391,EPIC-141,DONE,P0,P4/P5 Corpus and effects,corpus/effects/artifacts/validation,W1 project_id and BlobRef,,W1 project_id and BlobRef,W2-accepted-gates + semantic MR gate,Create content_identity and capex_source_occurrence runtime schema,capex_v6,active_task,
ARCH-W2-S02,TASK-0392,EPIC-141,DONE,P0,P4/P5 Corpus and effects,corpus/effects/artifacts/validation,W2-S01,TASK-0391,W2-S01,W2-accepted-gates + semantic MR gate,Add source_occurrence_relation with duplicate/archive/derivative/redaction relation types,capex_v6,active_task,
ARCH-W2-S03,TASK-0393,EPIC-141,DONE,P0,P4/P5 Corpus and effects,corpus/effects/artifacts/validation,W2-S01,TASK-0391,W2-S01,W2-accepted-gates + semantic MR gate,"Add ingest_batch, ingest_job, ingest_attempt, ingest_job_log state model",capex_v6,active_task,
ARCH-W2-S04,TASK-0394,EPIC-141,DONE,P0,P4/P5 Corpus and effects,corpus/effects/artifacts/validation,W2-S02/S03,TASK-0392;TASK-0393,W2-S02/S03,W2-accepted-gates + semantic MR gate,Add archive lineage support and nested-archive extraction metadata contract,capex_v6,active_task,
ARCH-W2-S05,TASK-0395,EPIC-141,DONE,P1,P4/P5 Corpus and effects,corpus/effects/artifacts/validation,W2-S01/S02,TASK-0391;TASK-0392,W2-S01/S02,W2-accepted-gates + semantic MR gate,Add manifest_generation attestation model for generated corpus registers,capex_v6,active_task,
ARCH-W2-S06,TASK-0396,EPIC-141,TODO,P0,P4/P5 Corpus and effects,corpus/effects/artifacts/validation,PR000-PR007,TASK-0233;TASK-0234;TASK-0235;TASK-0236;TASK-0237;TASK-0238;TASK-0239;TASK-0240,,W2-accepted-gates + semantic MR gate,Implement CommandReceipt canonical input hash and corrupted-idempotency rejection,capex_v6,active_task,
ARCH-W2-S07,TASK-0397,EPIC-141,TODO,P0,P4/P5 Corpus and effects,corpus/effects/artifacts/validation,W2-S06,,W2-S06,W2-accepted-gates + semantic MR gate,Implement EffectLedger and guarded mutation helper,capex_v6,active_task,
ARCH-W2-S08,TASK-0398,EPIC-141,TODO,P0,P4/P5 Corpus and effects,corpus/effects/artifacts/validation,W2-S06,,W2-S06,W2-accepted-gates + semantic MR gate,Split ToolExecution from ToolExecutionAttempt with lease-token stale completion rejection,capex_v6,active_task,
ARCH-W2-S09,TASK-0399,EPIC-141,TODO,P0,P4/P5 Corpus and effects,corpus/effects/artifacts/validation,W1 project root,,W1 project root,W2-accepted-gates + semantic MR gate,Add ProjectConcurrencyPolicy and ProjectRuntimeSlot minimal implementation,capex_v6,active_task,
ARCH-W2-S10,TASK-0400,EPIC-141,TODO,P1,P4/P5 Corpus and effects,corpus/effects/artifacts/validation,W2-S06/S07,,W2-S06/S07,W2-accepted-gates + semantic MR gate,Add RuntimeOutbox after-commit dispatch scaffold,capex_v6,active_task,
ARCH-W2-S11,TASK-0401,EPIC-141,TODO,P0,P4/P5 Corpus and effects,corpus/effects/artifacts/validation,W2-S06,,W2-S06,W2-accepted-gates + semantic MR gate,Define ArtifactVersionIdentityContract and add identity fields,capex_v6,active_task,
ARCH-W2-S12,TASK-0402,EPIC-141,TODO,P0,P4/P5 Corpus and effects,corpus/effects/artifacts/validation,W2-S11/W2-S16,,W2-S11/W2-S16,W2-accepted-gates + semantic MR gate,Harden ArtifactProvenanceEdge as runtime-computed immutable typed edge,capex_v6,active_task,
ARCH-W2-S13,TASK-0403,EPIC-141,TODO,P0,P4/P5 Corpus and effects,corpus/effects/artifacts/validation,W2-S06/W2-S11,,W2-S06/W2-S11,W2-accepted-gates + semantic MR gate,Define ArtifactPointerEvent and PointerFamilyPolicy minimal schema,capex_v6,active_task,
ARCH-W2-S14,TASK-0404,EPIC-141,TODO,P0,P4/P5 Corpus and effects,corpus/effects/artifacts/validation,W2-S07/W2-S13/W2-S16,,W2-S07/W2-S13/W2-S16,W2-accepted-gates + semantic MR gate,Implement PointerPromotionService guarded transaction,capex_v6,active_task,
ARCH-W2-S15,TASK-0405,EPIC-141,TODO,P0,P4/P5 Corpus and effects,corpus/effects/artifacts/validation,W2-S11,,W2-S11,W2-accepted-gates + semantic MR gate,Define SubmittedGeneratedArtifact and RuntimeGeneratedArtifactView schemas,capex_v6,active_task,
ARCH-W2-S16,TASK-0406,EPIC-141,TODO,P0,P4/P5 Corpus and effects,corpus/effects/artifacts/validation,W2-S15,,W2-S15,W2-accepted-gates + semantic MR gate,Implement ValidationRun / ValidationItem vector contract,capex_v6,active_task,
ARCH-W2-S17,TASK-0407,EPIC-141,TODO,P0,P4/P5 Corpus and effects,corpus/effects/artifacts/validation,W2-S01/W2-S12/W2-S16,,W2-S01/W2-S12/W2-S16,W2-accepted-gates + semantic MR gate,Implement sourceRef resolver and edge-emission contract,capex_v6,active_task,
ARCH-W2-S18,TASK-0408,EPIC-141,TODO,P0,P4/P5 Corpus and effects,corpus/effects/artifacts/validation,W2-S15,,W2-S15,W2-accepted-gates + semantic MR gate,Add canonicalization profile and hash test vectors,capex_v6,active_task,
ARCH-W2-S19,TASK-0409,EPIC-141,TODO,P0,P4/P5 Corpus and effects,corpus/effects/artifacts/validation,W2-S06-S18,,W2-S06-S18,W2-accepted-gates + semantic MR gate,Create Wave 2 crash/stale-basis test suite,capex_v6,active_task,
ARCH-W2-S20,TASK-0410,EPIC-141,TODO,P1,P4/P5 Corpus and effects,corpus/effects/artifacts/validation,All W2 slices,,All W2 slices,W2-accepted-gates + semantic MR gate,Wave 2 docs/catalog/refactor closeout,capex_v6,active_task,
ARCH-W3-S001,TASK-0411,EPIC-141,TODO,P0/P1,P6 Extraction and evidence,extraction/search/evidence,W1 project/storage; W2 source_document_version/effect ledger,,W1 project/storage; W2 source_document_version/effect ledger,W3-accepted-gates + semantic MR gate,Design extraction_run physical schema,capex_v6,active_task,
ARCH-W3-S002,TASK-0412,EPIC-141,TODO,P0/P1,P6 Extraction and evidence,extraction/search/evidence,W3-S001,,W3-S001,W3-accepted-gates + semantic MR gate,Implement parser_config_hash helper,capex_v6,active_task,
ARCH-W3-S003,TASK-0413,EPIC-141,TODO,P0/P1,P6 Extraction and evidence,extraction/search/evidence,W3-S001; W2 effect ledger,,W3-S001; W2 effect ledger,W3-accepted-gates + semantic MR gate,Extraction state machine,capex_v6,active_task,
ARCH-W3-S004,TASK-0414,EPIC-141,TODO,P0/P1,P6 Extraction and evidence,extraction/search/evidence,W3-S001,,W3-S001,W3-accepted-gates + semantic MR gate,Extraction asset bundle manifest,capex_v6,active_task,
ARCH-W3-S005,TASK-0415,EPIC-141,TODO,P0/P1,P6 Extraction and evidence,extraction/search/evidence,W2 source occurrence,,W2 source occurrence,W3-accepted-gates + semantic MR gate,Source occurrence locator union,capex_v6,active_task,
ARCH-W3-S006,TASK-0416,EPIC-141,TODO,P0/P1,P6 Extraction and evidence,extraction/search/evidence,W3-S005,,W3-S005,W3-accepted-gates + semantic MR gate,Source occurrence resolver adapter,capex_v6,active_task,
ARCH-W3-S007,TASK-0417,EPIC-141,TODO,P0/P1,P6 Extraction and evidence,extraction/search/evidence,W3-S001/W3-S005,,W3-S001/W3-S005,W3-accepted-gates + semantic MR gate,Chunk projection generation schema,capex_v6,active_task,
ARCH-W3-S008,TASK-0418,EPIC-141,TODO,P0/P1,P6 Extraction and evidence,extraction/search/evidence,W3-S007,,W3-S007,W3-accepted-gates + semantic MR gate,Search projection generation schema,capex_v6,active_task,
ARCH-W3-S009,TASK-0419,EPIC-141,TODO,P0/P1,P6 Extraction and evidence,extraction/search/evidence,W3-S008,,W3-S008,W3-accepted-gates + semantic MR gate,Retrieval candidate persistence,capex_v6,active_task,
ARCH-W3-S010,TASK-0420,EPIC-141,TODO,P0/P1,P6 Extraction and evidence,extraction/search/evidence,W3-S005/W3-S009,,W3-S005/W3-S009,W3-accepted-gates + semantic MR gate,Evidence binding schema/status model,capex_v6,active_task,
ARCH-W3-S011,TASK-0421,EPIC-141,TODO,P0/P1,P6 Extraction and evidence,extraction/search/evidence,W3-S010; HumanTask substrate,,W3-S010; HumanTask substrate,W3-accepted-gates + semantic MR gate,Evidence review task command,capex_v6,active_task,
ARCH-W3-S012,TASK-0422,EPIC-141,TODO,P0/P1,P6 Extraction and evidence,extraction/search/evidence,W3-S003/W3-S010,,W3-S003/W3-S010,W3-accepted-gates + semantic MR gate,Partial extraction policy gate,capex_v6,active_task,
ARCH-W3-S013,TASK-0423,EPIC-141,TODO,P0/P1,P6 Extraction and evidence,extraction/search/evidence,W3-S009/W3-S010,,W3-S009/W3-S010,W3-accepted-gates + semantic MR gate,Fuzzy grounding candidate gate,capex_v6,active_task,
ARCH-W3-S014,TASK-0424,EPIC-141,TODO,P0/P1,P6 Extraction and evidence,extraction/search/evidence,W3-S007/W3-S008/W3-S010,,W3-S007/W3-S008/W3-S010,W3-accepted-gates + semantic MR gate,Projection rebuild invariance test suite,capex_v6,active_task,
ARCH-W3-S015,TASK-0425,EPIC-141,TODO,P0/P1,P6 Extraction and evidence,extraction/search/evidence,W3-S010; later DR-08 workpages,,W3-S010; later DR-08 workpages,W3-accepted-gates + semantic MR gate,Evidence side-panel projection contract,capex_v6,active_task,
ARCH-W3-S016,TASK-0426,EPIC-141,TODO,P0/P1,P6 Extraction and evidence,extraction/search/evidence,DR-11; W3-S010,,DR-11; W3-S010,W3-accepted-gates + semantic MR gate,Sanitized fixture evidence-lineage enforcement,capex_v6,active_task,
ARCH-W3-S017,TASK-0427,EPIC-141,TODO,P0/P1,P6 Extraction and evidence,extraction/search/evidence,W3-S003/W3-S004,,W3-S003/W3-S004,W3-accepted-gates + semantic MR gate,Extraction QA report artifact,capex_v6,active_task,
ARCH-W3-S018,TASK-0428,EPIC-141,TODO,P0/P1,P6 Extraction and evidence,extraction/search/evidence,W3-S010; W2 validation vector,,W3-S010; W2 validation vector,W3-accepted-gates + semantic MR gate,SourceRef resolution validation vector,capex_v6,active_task,
ARCH-W4-S01,TASK-0429,EPIC-142,TODO,P0/P1,P8 Governance and closure,approval/policy/closure/stale,W2 CommandReceipt,,W2 CommandReceipt,W4-accepted-gates + semantic MR gate,Create CED and schema draft for ApprovalResponse and approval.respond domain neutrality.,capex_v6,active_task,
ARCH-W4-S02,TASK-0430,EPIC-142,TODO,P0/P1,P8 Governance and closure,approval/policy/closure/stale,W4-S01,,W4-S01,W4-accepted-gates + semantic MR gate,Implement ApprovalResponse append-only record and TimelineEvent emission.,capex_v6,active_task,
ARCH-W4-S03,TASK-0431,EPIC-142,TODO,P0/P1,P8 Governance and closure,approval/policy/closure/stale,logistics cleanup,,logistics cleanup,W4-accepted-gates + semantic MR gate,Extract generic approval side-effect hooks into explicit domain hook registry with capability allowlist.,capex_v6,active_task,
ARCH-W4-S04,TASK-0432,EPIC-142,TODO,P0/P1,P8 Governance and closure,approval/policy/closure/stale,project authorization,,project authorization,W4-accepted-gates + semantic MR gate,Implement Waiver object and lifecycle.,capex_v6,active_task,
ARCH-W4-S05,TASK-0433,EPIC-142,TODO,P0/P1,P8 Governance and closure,approval/policy/closure/stale,W4-S04,,W4-S04,W4-accepted-gates + semantic MR gate,Implement waiver scope matcher and expiry/revocation checks.,capex_v6,active_task,
ARCH-W4-S06,TASK-0434,EPIC-142,TODO,P0/P1,P8 Governance and closure,approval/policy/closure/stale,W4-S04,,W4-S04,W4-accepted-gates + semantic MR gate,Implement PolicyDecision and PolicyDecisionRuleResult with severity/mode and satisfied_by_waiver.,capex_v6,active_task,
ARCH-W4-S07,TASK-0435,EPIC-142,TODO,P0/P1,P8 Governance and closure,approval/policy/closure/stale,W4-S06,,W4-S06,W4-accepted-gates + semantic MR gate,Implement local policy evaluator trace with input digest and redacted snapshot references.,capex_v6,active_task,
ARCH-W4-S08,TASK-0436,EPIC-142,TODO,P0/P1,P8 Governance and closure,approval/policy/closure/stale,W3 evidence_binding,,W3 evidence_binding,W4-accepted-gates + semantic MR gate,Implement ClosureGateEvaluation object.,capex_v6,active_task,
ARCH-W4-S09,TASK-0437,EPIC-142,TODO,P0/P1,P8 Governance and closure,approval/policy/closure/stale,W4-S08,,W4-S08,W4-accepted-gates + semantic MR gate,Implement closure evaluator for initial K12 dimensions.,capex_v6,active_task,
ARCH-W4-S10,TASK-0438,EPIC-142,TODO,P0/P1,P8 Governance and closure,approval/policy/closure/stale,W4-S08,,W4-S08,W4-accepted-gates + semantic MR gate,Implement ClosureSnapshot append-only record with basis_version_vector.,capex_v6,active_task,
ARCH-W4-S11,TASK-0439,EPIC-142,TODO,P0/P1,P8 Governance and closure,approval/policy/closure/stale,"W4-S10,W2 CommandReceipt",,"W4-S10,W2 CommandReceipt",W4-accepted-gates + semantic MR gate,Implement close command chain from PolicyDecision to ClosureSnapshot.,capex_v6,active_task,
ARCH-W4-S12,TASK-0440,EPIC-142,TODO,P0/P1,P8 Governance and closure,approval/policy/closure/stale,"W4-S10,W4 waiver",,"W4-S10,W4 waiver",W4-accepted-gates + semantic MR gate,Implement force_close_with_residuals path.,capex_v6,active_task,
ARCH-W4-S13,TASK-0441,EPIC-142,TODO,P0/P1,P8 Governance and closure,approval/policy/closure/stale,W2/W3 basis models,,W2/W3 basis models,W4-accepted-gates + semantic MR gate,Implement ClosureBasisRef for delayed callbacks and workpage commands.,capex_v6,active_task,
ARCH-W4-S14,TASK-0442,EPIC-142,TODO,P0/P1,P8 Governance and closure,approval/policy/closure/stale,W4-S13,,W4-S13,W4-accepted-gates + semantic MR gate,Implement stale callback rejection and rebase task creation.,capex_v6,active_task,
ARCH-W4-S15,TASK-0443,EPIC-142,TODO,P0/P1,P8 Governance and closure,approval/policy/closure/stale,ClosureSnapshot,,ClosureSnapshot,W4-accepted-gates + semantic MR gate,Implement StaleReopenRuleRegistry schema and action precedence.,capex_v6,active_task,
ARCH-W4-S16,TASK-0444,EPIC-142,TODO,P0/P1,P8 Governance and closure,approval/policy/closure/stale,W4-S15,,W4-S15,W4-accepted-gates + semantic MR gate,Implement stale/reopen evaluator and dependency lookup over closure basis.,capex_v6,active_task,
ARCH-W4-S17,TASK-0445,EPIC-142,TODO,P0/P1,P8 Governance and closure,approval/policy/closure/stale,"W4-S13,W5 later deepening",,"W4-S13,W5 later deepening",W4-accepted-gates + semantic MR gate,Add workpage command envelope validation for closure/reopen/promote commands.,capex_v6,active_task,
ARCH-W4-S18,TASK-0446,EPIC-142,TODO,P0/P1,P8 Governance and closure,approval/policy/closure/stale,W4 schemas,,W4 schemas,W4-accepted-gates + semantic MR gate,Add no-false-closure acceptance matrix.,capex_v6,active_task,
ARCH-W4-S19,TASK-0447,EPIC-142,TODO,P0/P1,P8 Governance and closure,approval/policy/closure/stale,W4 CED approval,,W4 CED approval,W4-accepted-gates + semantic MR gate,Patch architecture docs and code review checklist with W4 governance checks.,capex_v6,active_task,
ARCH-W4-S20,TASK-0448,EPIC-142,TODO,P0/P1,P8 Governance and closure,approval/policy/closure/stale,W4-S03,,W4-S03,W4-accepted-gates + semantic MR gate,Remove/retire any generic approval handler domain side effects after hook registry migration.,capex_v6,active_task,
ARCH-W5-S01,TASK-0449,EPIC-144,TODO,P0/P1,P9 Workpages and projections,workpage/projection/command,"W1,W2",,"W1,W2",W5-accepted-gates + semantic MR gate,Projection table design note and CED approval,capex_v6,active_task,
ARCH-W5-S02,TASK-0450,EPIC-144,TODO,P0/P1,P9 Workpages and projections,workpage/projection/command,W5-S01,,W5-S01,W5-accepted-gates + semantic MR gate,Projection invalidation table migration draft,capex_v6,active_task,
ARCH-W5-S03,TASK-0451,EPIC-144,TODO,P0/P1,P9 Workpages and projections,workpage/projection/command,W5-S02,,W5-S02,W5-accepted-gates + semantic MR gate,Projection snapshot/row schema draft,capex_v6,active_task,
ARCH-W5-S04,TASK-0452,EPIC-144,TODO,P0/P1,P9 Workpages and projections,workpage/projection/command,W5-S02,,W5-S02,W5-accepted-gates + semantic MR gate,Projection job token-guard prototype,capex_v6,active_task,
ARCH-W5-S05,TASK-0453,EPIC-144,TODO,P0/P1,P9 Workpages and projections,workpage/projection/command,W1 authorization,,W1 authorization,W5-accepted-gates + semantic MR gate,Signed cursor codec prototype,capex_v6,active_task,
ARCH-W5-S06,TASK-0454,EPIC-144,TODO,P0/P1,P9 Workpages and projections,workpage/projection/command,W5-S05,,W5-S05,W5-accepted-gates + semantic MR gate,Workpage read API contract,capex_v6,active_task,
ARCH-W5-S07,TASK-0455,EPIC-144,TODO,P0/P1,P9 Workpages and projections,workpage/projection/command,W3 evidence binding,,W3 evidence binding,W5-accepted-gates + semantic MR gate,Batch hydration service skeleton,capex_v6,active_task,
ARCH-W5-S08,TASK-0456,EPIC-144,TODO,P0/P1,P9 Workpages and projections,workpage/projection/command,W5-S03,,W5-S03,W5-accepted-gates + semantic MR gate,Project dashboard projection family,capex_v6,active_task,
ARCH-W5-S09,TASK-0457,EPIC-144,TODO,P0/P1,P9 Workpages and projections,workpage/projection/command,W5-S07,,W5-S07,W5-accepted-gates + semantic MR gate,Artifact packet review projection family,capex_v6,active_task,
ARCH-W5-S10,TASK-0458,EPIC-144,TODO,P0/P1,P9 Workpages and projections,workpage/projection/command,W4,,W4,W5-accepted-gates + semantic MR gate,Flag/task queue projection family,capex_v6,active_task,
ARCH-W5-S11,TASK-0459,EPIC-144,TODO,P0/P1,P9 Workpages and projections,workpage/projection/command,W4,,W4,W5-accepted-gates + semantic MR gate,Approval/waiver queue projection family,capex_v6,active_task,
ARCH-W5-S12,TASK-0460,EPIC-144,TODO,P0/P1,P9 Workpages and projections,workpage/projection/command,W2 command receipt,,W2 command receipt,W5-accepted-gates + semantic MR gate,Workpage command envelope schema,capex_v6,active_task,
ARCH-W5-S13,TASK-0461,EPIC-144,TODO,P0/P1,P9 Workpages and projections,workpage/projection/command,W5-S12,,W5-S12,W5-accepted-gates + semantic MR gate,Command dispatch skeleton,capex_v6,active_task,
ARCH-W5-S14,TASK-0462,EPIC-144,TODO,P0/P1,P9 Workpages and projections,workpage/projection/command,W5-S13,,W5-S13,W5-accepted-gates + semantic MR gate,Stale command rejection tests,capex_v6,active_task,
ARCH-W5-S15,TASK-0463,EPIC-144,TODO,P0/P1,P9 Workpages and projections,workpage/projection/command,W5-S06,,W5-S06,W5-accepted-gates + semantic MR gate,ProjectWorkpageProvider frontend skeleton,capex_v6,active_task,
ARCH-W5-S16,TASK-0464,EPIC-144,TODO,P0/P1,P9 Workpages and projections,workpage/projection/command,W5-S06,,W5-S06,W5-accepted-gates + semantic MR gate,Query performance battery harness,capex_v6,active_task,
ARCH-W5-S17,TASK-0465,EPIC-144,TODO,P0/P1,P9 Workpages and projections,workpage/projection/command,W5-S12,,W5-S12,W5-accepted-gates + semantic MR gate,No generic status command lint/test rule,capex_v6,active_task,
ARCH-W5-S18,TASK-0466,EPIC-144,TODO,P0/P1,P9 Workpages and projections,workpage/projection/command,W5 CEDs,,W5 CEDs,W5-accepted-gates + semantic MR gate,Workpage family registry,capex_v6,active_task,
ARCH-W5-S19,TASK-0467,EPIC-144,TODO,P0/P1,P9 Workpages and projections,workpage/projection/command,W5-S04,,W5-S04,W5-accepted-gates + semantic MR gate,Projection observability/admin view design,capex_v6,active_task,
ARCH-W5-S20,TASK-0468,EPIC-144,TODO,P0/P1,P9 Workpages and projections,workpage/projection/command,W5-S01-S19,,W5-S01-S19,W5-accepted-gates + semantic MR gate,Wave 5 refactor/closeout pass,capex_v6,active_task,
ARCH-W6-SLICE-001,TASK-0469,EPIC-145,TODO,P0,P10 Fixture and AI guardrails,fixture/ai/security,W1-W5 reviewed,,W1-W5 reviewed,W6-accepted-gates + semantic MR gate,Add fixture compiler architecture CED and schema skeletons,capex_v6,active_task,
ARCH-W6-SLICE-002,TASK-0470,EPIC-145,TODO,P0,P10 Fixture and AI guardrails,fixture/ai/security,source occurrence locators,,source occurrence locators,W6-accepted-gates + semantic MR gate,Define capex.sensitivity_manifest.v1 schema,capex_v6,active_task,
ARCH-W6-SLICE-003,TASK-0471,EPIC-145,TODO,P0,P10 Fixture and AI guardrails,fixture/ai/security,sensitivity manifest,,sensitivity manifest,W6-accepted-gates + semantic MR gate,Define capex.redaction_manifest.v1 schema,capex_v6,active_task,
ARCH-W6-SLICE-004,TASK-0472,EPIC-145,TODO,P0,P10 Fixture and AI guardrails,fixture/ai/security,schema skeletons,,schema skeletons,W6-accepted-gates + semantic MR gate,Define approved redaction operator registry,capex_v6,active_task,
ARCH-W6-SLICE-005,TASK-0473,EPIC-145,TODO,P0,P10 Fixture and AI guardrails,fixture/ai/security,module catalog,,module catalog,W6-accepted-gates + semantic MR gate,Define fixture_generation_run and expected_output_manifest schemas,capex_v6,active_task,
ARCH-W6-SLICE-006,TASK-0474,EPIC-145,TODO,P0,P10 Fixture and AI guardrails,fixture/ai/security,scanner wrapper skeleton,,scanner wrapper skeleton,W6-accepted-gates + semantic MR gate,Define leak_scan_report and fixture_release_manifest schemas,capex_v6,active_task,
ARCH-W6-SLICE-007,TASK-0475,EPIC-145,TODO,P0,P10 Fixture and AI guardrails,fixture/ai/security,schemas defined,,schemas defined,W6-accepted-gates + semantic MR gate,"Implement leak-scan wrapper contract, no scanner engine yet",capex_v6,active_task,
ARCH-W6-SLICE-008,TASK-0476,EPIC-145,TODO,P0,P10 Fixture and AI guardrails,fixture/ai/security,real project quarantine policy,,real project quarantine policy,W6-accepted-gates + semantic MR gate,Create K12 fixture release gate checklist,capex_v6,active_task,
ARCH-W6-SLICE-009,TASK-0477,EPIC-145,TODO,P0,P10 Fixture and AI guardrails,fixture/ai/security,W3/W4 records,,W3/W4 records,W6-accepted-gates + semantic MR gate,Define UntrustedDocumentRailBundle schema,capex_v6,active_task,
ARCH-W6-SLICE-010,TASK-0478,EPIC-145,TODO,P0,P10 Fixture and AI guardrails,fixture/ai/security,rail bundle schema,,rail bundle schema,W6-accepted-gates + semantic MR gate,Define RailVerdict and SecurityRailRejection schemas,capex_v6,active_task,
ARCH-W6-SLICE-011,TASK-0479,EPIC-145,TODO,P0,P10 Fixture and AI guardrails,fixture/ai/security,rail schema,,rail schema,W6-accepted-gates + semantic MR gate,Implement mandatory rail bundle validator,capex_v6,active_task,
ARCH-W6-SLICE-012,TASK-0480,EPIC-145,TODO,P0,P10 Fixture and AI guardrails,fixture/ai/security,W2 CommandReceipt,,W2 CommandReceipt,W6-accepted-gates + semantic MR gate,Define ToolProposal schema and state machine,capex_v6,active_task,
ARCH-W6-SLICE-013,TASK-0481,EPIC-145,TODO,P0,P10 Fixture and AI guardrails,fixture/ai/security,ToolProposal + PolicyDecision + registry,,ToolProposal + PolicyDecision + registry,W6-accepted-gates + semantic MR gate,Define ToolExecutionCommand guard,capex_v6,active_task,
ARCH-W6-SLICE-014,TASK-0482,EPIC-145,TODO,P0,P10 Fixture and AI guardrails,fixture/ai/security,tool command guard,,tool command guard,W6-accepted-gates + semantic MR gate,Define static action registry interface,capex_v6,active_task,
ARCH-W6-SLICE-015,TASK-0483,EPIC-145,TODO,P0,P10 Fixture and AI guardrails,fixture/ai/security,W3 evidence binding,,W3 evidence binding,W6-accepted-gates + semantic MR gate,Define ToolResultIngestPolicy,capex_v6,active_task,
ARCH-W6-SLICE-016,TASK-0484,EPIC-145,TODO,P0,P10 Fixture and AI guardrails,fixture/ai/security,W2 two-envelope model,,W2 two-envelope model,W6-accepted-gates + semantic MR gate,Add AI draft artifact status model,capex_v6,active_task,
ARCH-W6-SLICE-017,TASK-0485,EPIC-145,TODO,P0,P10 Fixture and AI guardrails,fixture/ai/security,logging conventions,,logging conventions,W6-accepted-gates + semantic MR gate,Add content-safe telemetry policy,capex_v6,active_task,
ARCH-W6-SLICE-018,TASK-0486,EPIC-145,TODO,P0,P10 Fixture and AI guardrails,fixture/ai/security,telemetry policy,,telemetry policy,W6-accepted-gates + semantic MR gate,Add no raw prompt/completion in normal traces tests,capex_v6,active_task,
ARCH-W6-SLICE-019,TASK-0487,EPIC-145,TODO,P1,P10 Fixture and AI guardrails,fixture/ai/security,rail verdict model,,rail verdict model,W6-accepted-gates + semantic MR gate,Add stream buffering rule for sensitive workflows,capex_v6,active_task,
ARCH-W6-SLICE-020,TASK-0488,EPIC-145,TODO,P1,P10 Fixture and AI guardrails,fixture/ai/security,expected-output manifest,,expected-output manifest,W6-accepted-gates + semantic MR gate,Add expected-output no-raw-excerpt test pattern,capex_v6,active_task,
ARCH-W6-SLICE-021,TASK-0489,EPIC-145,TODO,P1,P10 Fixture and AI guardrails,fixture/ai/security,W5 projection model,,W5 projection model,W6-accepted-gates + semantic MR gate,Update workpage family catalog for fixture release and AI draft review,capex_v6,active_task,
ARCH-W6-SLICE-022,TASK-0490,EPIC-145,TODO,P1,P10 Fixture and AI guardrails,fixture/ai/security,all W6 decisions,,all W6 decisions,W6-accepted-gates + semantic MR gate,Prepare Wave 6 master patch instructions,capex_v6,active_task,
ARCH-W75-SLICE-01,TASK-0491,EPIC-149,TODO,P0/P1,P0-P12 TDD and agent lab,tdd/fixtures/agent-lab,architecture CED accepted,,architecture CED accepted,W7_5-accepted-gates + semantic MR gate,Define CAPEX invariant test catalog,capex_v6,active_task,
ARCH-W75-SLICE-02,TASK-0492,EPIC-149,TODO,P0/P1,P0-P12 TDD and agent lab,tdd/fixtures/agent-lab,architecture CED accepted,,architecture CED accepted,W7_5-accepted-gates + semantic MR gate,Add test suite markers and CI stages,capex_v6,active_task,
ARCH-W75-SLICE-03,TASK-0493,EPIC-149,TODO,P0/P1,P0-P12 TDD and agent lab,tdd/fixtures/agent-lab,architecture CED accepted,,architecture CED accepted,W7_5-accepted-gates + semantic MR gate,Create fixture manifest schemas,capex_v6,active_task,
ARCH-W75-SLICE-04,TASK-0494,EPIC-149,TODO,P0/P1,P0-P12 TDD and agent lab,tdd/fixtures/agent-lab,architecture CED accepted,,architecture CED accepted,W7_5-accepted-gates + semantic MR gate,Create K12 sanitized scenario slice 0,capex_v6,active_task,
ARCH-W75-SLICE-05,TASK-0495,EPIC-149,TODO,P0/P1,P0-P12 TDD and agent lab,tdd/fixtures/agent-lab,architecture CED accepted,,architecture CED accepted,W7_5-accepted-gates + semantic MR gate,Create K12 commitment/assumption scenario tests,capex_v6,active_task,
ARCH-W75-SLICE-06,TASK-0496,EPIC-149,TODO,P0/P1,P0-P12 TDD and agent lab,tdd/fixtures/agent-lab,architecture CED accepted,,architecture CED accepted,W7_5-accepted-gates + semantic MR gate,Create K12 no-false-closure scenario tests,capex_v6,active_task,
ARCH-W75-SLICE-07,TASK-0497,EPIC-149,TODO,P0/P1,P0-P12 TDD and agent lab,tdd/fixtures/agent-lab,architecture CED accepted,,architecture CED accepted,W7_5-accepted-gates + semantic MR gate,Create K3 mini-fixture design tests,capex_v6,active_task,
ARCH-W75-SLICE-08,TASK-0498,EPIC-149,TODO,P0/P1,P0-P12 TDD and agent lab,tdd/fixtures/agent-lab,architecture CED accepted,,architecture CED accepted,W7_5-accepted-gates + semantic MR gate,Create validation-project blind baseline protocol,capex_v6,active_task,
ARCH-W75-SLICE-09,TASK-0499,EPIC-149,TODO,P0/P1,P0-P12 TDD and agent lab,tdd/fixtures/agent-lab,architecture CED accepted,,architecture CED accepted,W7_5-accepted-gates + semantic MR gate,Add logistics characterization tests,capex_v6,active_task,
ARCH-W75-SLICE-10,TASK-0500,EPIC-149,TODO,P0/P1,P0-P12 TDD and agent lab,tdd/fixtures/agent-lab,architecture CED accepted,,architecture CED accepted,W7_5-accepted-gates + semantic MR gate,Add AI-agent task contract schema,capex_v6,active_task,
ARCH-W75-SLICE-11,TASK-0501,EPIC-149,TODO,P0/P1,P0-P12 TDD and agent lab,tdd/fixtures/agent-lab,architecture CED accepted,,architecture CED accepted,W7_5-accepted-gates + semantic MR gate,Build thin agent eval harness,capex_v6,active_task,
ARCH-W75-SLICE-12,TASK-0502,EPIC-149,TODO,P0/P1,P0-P12 TDD and agent lab,tdd/fixtures/agent-lab,architecture CED accepted,,architecture CED accepted,W7_5-accepted-gates + semantic MR gate,Add false-closure agent evals,capex_v6,active_task,
ARCH-W75-SLICE-13,TASK-0503,EPIC-149,TODO,P0/P1,P0-P12 TDD and agent lab,tdd/fixtures/agent-lab,architecture CED accepted,,architecture CED accepted,W7_5-accepted-gates + semantic MR gate,Add raw-data leak evals,capex_v6,active_task,
ARCH-W75-SLICE-14,TASK-0504,EPIC-149,TODO,P0/P1,P0-P12 TDD and agent lab,tdd/fixtures/agent-lab,architecture CED accepted,,architecture CED accepted,W7_5-accepted-gates + semantic MR gate,Add tool-proposal eval tests,capex_v6,active_task,
ARCH-W75-SLICE-15,TASK-0505,EPIC-149,TODO,P0/P1,P0-P12 TDD and agent lab,tdd/fixtures/agent-lab,architecture CED accepted,,architecture CED accepted,W7_5-accepted-gates + semantic MR gate,Add workpage stale-command tests,capex_v6,active_task,
ARCH-W75-SLICE-16,TASK-0506,EPIC-149,TODO,P0/P1,P0-P12 TDD and agent lab,tdd/fixtures/agent-lab,architecture CED accepted,,architecture CED accepted,W7_5-accepted-gates + semantic MR gate,Add effect-safety crash tests,capex_v6,active_task,
ARCH-W75-SLICE-17,TASK-0507,EPIC-149,TODO,P0/P1,P0-P12 TDD and agent lab,tdd/fixtures/agent-lab,architecture CED accepted,,architecture CED accepted,W7_5-accepted-gates + semantic MR gate,Add projection rebuild invariance tests,capex_v6,active_task,
ARCH-W75-SLICE-18,TASK-0508,EPIC-149,TODO,P0/P1,P0-P12 TDD and agent lab,tdd/fixtures/agent-lab,architecture CED accepted,,architecture CED accepted,W7_5-accepted-gates + semantic MR gate,Add performance smoke tests,capex_v6,active_task,
ARCH-W75-SLICE-19,TASK-0509,EPIC-149,TODO,P0/P1,P0-P12 TDD and agent lab,tdd/fixtures/agent-lab,architecture CED accepted,,architecture CED accepted,W7_5-accepted-gates + semantic MR gate,Add TDD metrics dashboard draft,capex_v6,active_task,
ARCH-W75-SLICE-20,TASK-0510,EPIC-149,TODO,P0/P1,P0-P12 TDD and agent lab,tdd/fixtures/agent-lab,architecture CED accepted,,architecture CED accepted,W7_5-accepted-gates + semantic MR gate,Add Lab promotion gate,capex_v6,active_task,
ARCH-W75-SLICE-21,TASK-0511,EPIC-149,TODO,P0/P1,P0-P12 TDD and agent lab,tdd/fixtures/agent-lab,architecture CED accepted,,architecture CED accepted,W7_5-accepted-gates + semantic MR gate,Add reviewer test-first checklist,capex_v6,active_task,
ARCH-W75-SLICE-22,TASK-0512,EPIC-149,TODO,P0/P1,P0-P12 TDD and agent lab,tdd/fixtures/agent-lab,architecture CED accepted,,architecture CED accepted,W7_5-accepted-gates + semantic MR gate,Add flake quarantine policy,capex_v6,active_task,
ARCH-W7-SL-001,TASK-0513,EPIC-150,TODO,P0/P1,P2/P11 Release and development governance,release/docs/review/refactor,PR000-PR007 planning,TASK-0233;TASK-0234;TASK-0235;TASK-0236;TASK-0237;TASK-0238;TASK-0239;TASK-0240,planning,W7-accepted-gates + semantic MR gate,Branch class manifest and classifier,capex_v6,active_task,
ARCH-W7-SL-002,TASK-0514,EPIC-150,TODO,P0/P1,P2/P11 Release and development governance,release/docs/review/refactor,W7-SL-001,,W7-SL-001,W7-accepted-gates + semantic MR gate,Release bundle manifest schema,capex_v6,active_task,
ARCH-W7-SL-003,TASK-0515,EPIC-150,TODO,P0/P1,P2/P11 Release and development governance,release/docs/review/refactor,W7-SL-002,,W7-SL-002,W7-accepted-gates + semantic MR gate,Migration lane manifest schema,capex_v6,active_task,
ARCH-W7-SL-004,TASK-0516,EPIC-150,TODO,P0/P1,P2/P11 Release and development governance,release/docs/review/refactor,W7-SL-003,,W7-SL-003,W7-accepted-gates + semantic MR gate,Migration compatibility test scaffold,capex_v6,active_task,
ARCH-W7-SL-005,TASK-0517,EPIC-150,TODO,P0/P1,P2/P11 Release and development governance,release/docs/review/refactor,W1 project authorization,,W1 project authorization,W7-accepted-gates + semantic MR gate,Feature gate manifest and activation model,capex_v6,active_task,
ARCH-W7-SL-006,TASK-0518,EPIC-150,TODO,P0/P1,P2/P11 Release and development governance,release/docs/review/refactor,W7-SL-005,,W7-SL-005,W7-accepted-gates + semantic MR gate,Activation guard helper,capex_v6,active_task,
ARCH-W7-SL-007,TASK-0519,EPIC-150,TODO,P0/P1,P2/P11 Release and development governance,release/docs/review/refactor,W2 effect ledger,,W2 effect ledger,W7-accepted-gates + semantic MR gate,Compensation plan schema,capex_v6,active_task,
ARCH-W7-SL-008,TASK-0520,EPIC-150,TODO,P0/P1,P2/P11 Release and development governance,release/docs/review/refactor,none,,,W7-accepted-gates + semantic MR gate,Docs authority schema,capex_v6,active_task,
ARCH-W7-SL-009,TASK-0521,EPIC-150,TODO,P0/P1,P2/P11 Release and development governance,release/docs/review/refactor,W7-SL-008,,W7-SL-008,W7-accepted-gates + semantic MR gate,Docs authority linter,capex_v6,active_task,
ARCH-W7-SL-010,TASK-0522,EPIC-150,TODO,P0/P1,P2/P11 Release and development governance,release/docs/review/refactor,W7-SL-008,,W7-SL-008,W7-accepted-gates + semantic MR gate,CED template and lifecycle metadata,capex_v6,active_task,
ARCH-W7-SL-011,TASK-0523,EPIC-150,TODO,P0/P1,P2/P11 Release and development governance,release/docs/review/refactor,W7-SL-010,,W7-SL-010,W7-accepted-gates + semantic MR gate,Semantic task template,capex_v6,active_task,
ARCH-W7-SL-012,TASK-0524,EPIC-150,TODO,P0/P1,P2/P11 Release and development governance,release/docs/review/refactor,W7-SL-011,,W7-SL-011,W7-accepted-gates + semantic MR gate,Semantic MR evidence bundle,capex_v6,active_task,
ARCH-W7-SL-013,TASK-0525,EPIC-150,TODO,P0/P1,P2/P11 Release and development governance,release/docs/review/refactor,W1-W6 semantic areas,,W1-W6 semantic areas,W7-accepted-gates + semantic MR gate,Semantic CODEOWNERS sketch,capex_v6,active_task,
ARCH-W7-SL-014,TASK-0526,EPIC-150,TODO,P0/P1,P2/P11 Release and development governance,release/docs/review/refactor,W7-SL-012/013,,W7-SL-012/013,W7-accepted-gates + semantic MR gate,Path-based semantic merge gate,capex_v6,active_task,
ARCH-W7-SL-015,TASK-0527,EPIC-150,TODO,P0/P1,P2/P11 Release and development governance,release/docs/review/refactor,W2-W5 invariants,,W2-W5 invariants,W7-accepted-gates + semantic MR gate,Forbidden state transition lint rules,capex_v6,active_task,
ARCH-W7-SL-016,TASK-0528,EPIC-150,TODO,P0/P1,P2/P11 Release and development governance,release/docs/review/refactor,W6 manifests,,W6 manifests,W7-accepted-gates + semantic MR gate,Fixture leakage release gate,capex_v6,active_task,
ARCH-W7-SL-017,TASK-0529,EPIC-150,TODO,P0/P1,P2/P11 Release and development governance,release/docs/review/refactor,W6 AI guardrails,,W6 AI guardrails,W7-accepted-gates + semantic MR gate,AI assistance declaration in MR,capex_v6,active_task,
ARCH-W7-SL-018,TASK-0530,EPIC-150,TODO,P0/P1,P2/P11 Release and development governance,release/docs/review/refactor,W7-SL-001..017,,W7-SL-001..017,W7-accepted-gates + semantic MR gate,Release readiness gate script,capex_v6,active_task,
ARCH-W7-SL-019,TASK-0531,EPIC-150,TODO,P0/P1,P2/P11 Release and development governance,release/docs/review/refactor,W7-SL-018,,W7-SL-018,W7-accepted-gates + semantic MR gate,Activation approval record,capex_v6,active_task,
ARCH-W7-SL-020,TASK-0532,EPIC-150,TODO,P0/P1,P2/P11 Release and development governance,release/docs/review/refactor,W7-SL-019,,W7-SL-019,W7-accepted-gates + semantic MR gate,Post-activation smoke evidence,capex_v6,active_task,
ARCH-W7-SL-021,TASK-0533,EPIC-150,TODO,P0/P1,P2/P11 Release and development governance,release/docs/review/refactor,quality overlay,,quality overlay,W7-accepted-gates + semantic MR gate,Quality metrics dashboard spec,capex_v6,active_task,
ARCH-W7-SL-022,TASK-0534,EPIC-150,TODO,P0/P1,P2/P11 Release and development governance,release/docs/review/refactor,quality overlay,,quality overlay,W7-accepted-gates + semantic MR gate,Refactor work item register integration,capex_v6,active_task,
ARCH-W7-SL-023,TASK-0535,EPIC-150,TODO,P0/P1,P2/P11 Release and development governance,release/docs/review/refactor,W7-SL-010,,W7-SL-010,W7-accepted-gates + semantic MR gate,Implementation history check,capex_v6,active_task,
ARCH-W7-SL-024,TASK-0536,EPIC-150,TODO,P0/P1,P2/P11 Release and development governance,release/docs/review/refactor,all W7 slices,,all W7 slices,W7-accepted-gates + semantic MR gate,Wave 7 integration QA,capex_v6,active_task,
ARCH-W8-S01,TASK-0537,EPIC-151,TODO,P0/P1,P12/P13 Snapshots and external boundary,snapshots/dossiers/external,architecture CED accepted,,architecture CED accepted,W8-accepted-gates + semantic MR gate,Define reviewed_state_graph contract,capex_v6,active_task,
ARCH-W8-S02,TASK-0538,EPIC-151,TODO,P0/P1,P12/P13 Snapshots and external boundary,snapshots/dossiers/external,architecture CED accepted,,architecture CED accepted,W8-accepted-gates + semantic MR gate,Implement SnapshotBuildRun skeleton,capex_v6,active_task,
ARCH-W8-S03,TASK-0539,EPIC-151,DONE,P0/P1,P12/P13 Snapshots and external boundary,snapshots/dossiers/external,architecture CED accepted,,architecture CED accepted,W8-accepted-gates + semantic MR gate,Add RiskSignal contract,capex_v6,active_task,
ARCH-W8-S04,TASK-0540,EPIC-151,DONE,P0/P1,P12/P13 Snapshots and external boundary,snapshots/dossiers/external,architecture CED accepted,,architecture CED accepted,W8-accepted-gates + semantic MR gate,Add ceo_transparency_snapshot schema,capex_v6,active_task,
ARCH-W8-S05,TASK-0541,EPIC-151,TODO,P0/P1,P12/P13 Snapshots and external boundary,snapshots/dossiers/external,architecture CED accepted,,architecture CED accepted,W8-accepted-gates + semantic MR gate,Add ProjectCorpusDocument/Blob/Version design,capex_v6,active_task,
ARCH-W8-S06,TASK-0542,EPIC-151,TODO,P0/P1,P12/P13 Snapshots and external boundary,snapshots/dossiers/external,architecture CED accepted,,architecture CED accepted,W8-accepted-gates + semantic MR gate,Add metadata type/value contract,capex_v6,active_task,
ARCH-W8-S07,TASK-0543,EPIC-151,TODO,P0/P1,P12/P13 Snapshots and external boundary,snapshots/dossiers/external,architecture CED accepted,,architecture CED accepted,W8-accepted-gates + semantic MR gate,Define packet requirement/member/evaluation schema,capex_v6,active_task,
ARCH-W8-S08,TASK-0544,EPIC-151,TODO,P0/P1,P12/P13 Snapshots and external boundary,snapshots/dossiers/external,architecture CED accepted,,architecture CED accepted,W8-accepted-gates + semantic MR gate,Define ArtifactPointerPromotion service contract,capex_v6,active_task,
ARCH-W8-S09,TASK-0545,EPIC-151,TODO,P0/P1,P12/P13 Snapshots and external boundary,snapshots/dossiers/external,architecture CED accepted,,architecture CED accepted,W8-accepted-gates + semantic MR gate,Add hold/freeze minimal blocker model,capex_v6,active_task,
ARCH-W8-S10,TASK-0546,EPIC-151,TODO,P0/P1,P12/P13 Snapshots and external boundary,snapshots/dossiers/external,architecture CED accepted,,architecture CED accepted,W8-accepted-gates + semantic MR gate,Add AuditExportArtifact contract,capex_v6,active_task,
ARCH-W8-S11,TASK-0547,EPIC-151,TODO,P0/P1,P12/P13 Snapshots and external boundary,snapshots/dossiers/external,architecture CED accepted,,architecture CED accepted,W8-accepted-gates + semantic MR gate,Add ExternalSystem schema,capex_v6,active_task,
ARCH-W8-S12,TASK-0548,EPIC-151,TODO,P0/P1,P12/P13 Snapshots and external boundary,snapshots/dossiers/external,architecture CED accepted,,architecture CED accepted,W8-accepted-gates + semantic MR gate,Add ExternalProjectBinding schema,capex_v6,active_task,
ARCH-W8-S13,TASK-0549,EPIC-151,TODO,P0/P1,P12/P13 Snapshots and external boundary,snapshots/dossiers/external,architecture CED accepted,,architecture CED accepted,W8-accepted-gates + semantic MR gate,Add ExternalObjectPointer schema,capex_v6,active_task,
ARCH-W8-S14,TASK-0550,EPIC-151,TODO,P0/P1,P12/P13 Snapshots and external boundary,snapshots/dossiers/external,architecture CED accepted,,architecture CED accepted,W8-accepted-gates + semantic MR gate,Add ExternalObjectSnapshot / SyncObservation,capex_v6,active_task,
ARCH-W8-S15,TASK-0551,EPIC-151,TODO,P0/P1,P12/P13 Snapshots and external boundary,snapshots/dossiers/external,architecture CED accepted,,architecture CED accepted,W8-accepted-gates + semantic MR gate,Rename/constrain expenditure ledger,capex_v6,active_task,
ARCH-W8-S16,TASK-0552,EPIC-151,TODO,P0/P1,P12/P13 Snapshots and external boundary,snapshots/dossiers/external,architecture CED accepted,,architecture CED accepted,W8-accepted-gates + semantic MR gate,Add raw-file/AI/external-status exclusion tests,capex_v6,active_task,
ARCH-W8-S17,TASK-0553,EPIC-151,TODO,P0/P1,P12/P13 Snapshots and external boundary,snapshots/dossiers/external,architecture CED accepted,,architecture CED accepted,W8-accepted-gates + semantic MR gate,Add dossier/promotion negative tests,capex_v6,active_task,
ARCH-W8-S18,TASK-0554,EPIC-151,TODO,P0/P1,P12/P13 Snapshots and external boundary,snapshots/dossiers/external,architecture CED accepted,,architecture CED accepted,W8-accepted-gates + semantic MR gate,Add ERP/DMS boundary failure tests,capex_v6,active_task,
ARCH-W8-S19,TASK-0555,EPIC-151,TODO,P0/P1,P12/P13 Snapshots and external boundary,snapshots/dossiers/external,architecture CED accepted,,architecture CED accepted,W8-accepted-gates + semantic MR gate,Add snapshot freshness to executive views,capex_v6,active_task,
ARCH-W8-S20,TASK-0556,EPIC-151,TODO,P0/P1,P12/P13 Snapshots and external boundary,snapshots/dossiers/external,architecture CED accepted,,architecture CED accepted,W8-accepted-gates + semantic MR gate,Add external observation review queue,capex_v6,active_task,
ARCH-W8-S21,TASK-0557,EPIC-151,TODO,P0/P1,P12/P13 Snapshots and external boundary,snapshots/dossiers/external,architecture CED accepted,,architecture CED accepted,W8-accepted-gates + semantic MR gate,Add K12/K3/validation fixture expected outputs,capex_v6,active_task,
ARCH-W8-S22,TASK-0558,EPIC-151,TODO,P0/P1,P12/P13 Snapshots and external boundary,snapshots/dossiers/external,architecture CED accepted,,architecture CED accepted,W8-accepted-gates + semantic MR gate,Update architecture docs with W8 terms,capex_v6,active_task,
ARCH-W8-S23,TASK-0559,EPIC-151,TODO,P0/P1,P12/P13 Snapshots and external boundary,snapshots/dossiers/external,architecture CED accepted,,architecture CED accepted,W8-accepted-gates + semantic MR gate,Add W8 feature gate/migration lane entries,capex_v6,active_task,
ARCH-W8-S24,TASK-0560,EPIC-151,TODO,P0/P1,P12/P13 Snapshots and external boundary,snapshots/dossiers/external,architecture CED accepted,,architecture CED accepted,W8-accepted-gates + semantic MR gate,Run Waves 1-8 formalism regression,capex_v6,active_task,
NU-CB-P0-001,TASK-0561,EPIC-139,DONE,P0,P1/P2 platform foundation,platform/approval,PR000-PR007,TASK-0233;TASK-0234;TASK-0235;TASK-0236;TASK-0237;TASK-0238;TASK-0239;TASK-0240,,NU-GATE-001,Extract logistics side effects from approval.respond,capex_v6,active_task,
NU-CB-P0-002,TASK-0562,EPIC-137,TODO,P0,P1/P2 platform foundation,platform/security/blob,PR002,TASK-0235,,NU-GATE-002,Fix artifact download auth-before-read,capex_v6,active_task,
NU-CB-P0-003,TASK-0563,EPIC-140,DONE,P0,P3 project access,capex/access,W1 CED-002; PR007,TASK-0240,W1 CED-002,NU-GATE-003,Add CAPEX project/membership/authorization runtime state,capex_v6,active_task,
NU-CB-P0-004,TASK-0564,EPIC-141,DONE,P0,P4 corpus foundation,capex/corpus/evidence,NU-CB-P0-003; W2 CED-005; W3 CED-011,TASK-0563,W2 CED-005; W3 CED-011,NU-GATE-004,Add physical source_occurrence and sourceRef resolver,capex_v6,active_task,
NU-CB-P0-005,TASK-0565,EPIC-142,DONE,P0,P7 governance/closure,capex/governance/closure,W4 CED-016-019; NU-CB-P0-004,TASK-0564,W4 CED-016-019,NU-GATE-005,"Add ClosureGateEvaluation, ClosureSnapshot, Waiver, lifecycle recurrence stale rules",capex_v6,active_task,
NU-CB-P0-006,TASK-0566,EPIC-143,DONE,P0,P6/P7 workflow substrate,capex/workflow,W2/W4/W5; sourceRef resolver,,W2/W4/W5; sourceRef resolver,NU-GATE-006,Implement workflow handoff manifest contract,capex_v6,active_task,
NU-CB-P0-007,TASK-0567,EPIC-144,DONE,P0,P8 workpages,capex/workpages,W5; NU-CB-P0-004; NU-CB-P0-005,TASK-0564;TASK-0565,W5,NU-GATE-007,Add CAPEX projection snapshot and stale-command test harness,capex_v6,active_task,
NU-CB-P0-008,TASK-0568,EPIC-149,DONE,P0,P0/P1 quality foundation,quality/ci/review,TDD strategy; codebase pass 2,,TDD strategy; codebase pass 2,NU-GATE-008,Add CAPEX semantic test suite and CODEOWNERS gates,capex_v6,active_task,
NU-CB-P1-009,TASK-0569,EPIC-151,DONE,P1,P7 governance/interface,capex/interface,source occurrence; evidence binding,,source occurrence; evidence binding,NU-GATE-009,Add interface-burden conservation policy and tests,capex_v6,active_task,
NU-CB-P1-010,TASK-0570,EPIC-142,DONE,P1,P6/P7 artifact-state,capex/formalism/tests,artifact/operator model; event ordering,,artifact/operator model; event ordering,NU-GATE-010,Add non-commutative artifact sequence tests,capex_v6,active_task,
NU-CB-P1-011,TASK-0571,EPIC-143,DONE,P1,P8/P9 workflow/product,capex/workflow/tasks,workpage/task routing decisions,,workpage/task routing decisions,NU-GATE-011,Add procurement/task escalation workflow proposal to workflow catalog,capex_v6,active_task,
V5-TASK-001,TASK-0572,EPIC-142,DONE,P0,,docs/architecture,,,,V5-GATE-003,Patch master architecture: reality vs representation,v5_carried_forward,historical_alias,TASK-0447;TASK-0565;TASK-0305
V5-TASK-002,TASK-0573,EPIC-142,DONE,P0,,schema/catalog,,,,V5-GATE-004,Add canonical relation_kind vocabulary,v5_carried_forward,historical_alias,TASK-0392;TASK-0373
V5-TASK-003,TASK-0574,EPIC-143,DONE,P0,,workflow/catalog,,,,V5-GATE-005,Define feasibility-set workflow semantics,v5_carried_forward,historical_alias,TASK-0565
V5-TASK-004,TASK-0575,EPIC-142,DONE,P0,,task/evidence,,,,V5-GATE-006,Define issue/hypothesis graph guardrails,v5_carried_forward,historical_alias,TASK-0305;TASK-0565
V5-TASK-005,TASK-0576,EPIC-139,DONE,P0,,code/refactor,,,,V5-GATE-001,Fix approval.respond domain coupling,v5_carried_forward,historical_alias,TASK-0257;TASK-0561
V5-TASK-006,TASK-0577,EPIC-137,DONE,P0,,code/security,,,,V5-GATE-002,Fix artifact auth-before-read,v5_carried_forward,historical_alias,TASK-0235;TASK-0562
V5-TASK-007,TASK-0578,EPIC-141,DONE,P0,,code/tests,,,,V5-GATE-007,Add SourceRef resolution contract/tests,v5_carried_forward,historical_alias,TASK-0564;TASK-0428
V5-TASK-008,TASK-0579,EPIC-136,DONE,P0,,delivery/docs,,,,V5-GATE-008,Add Product Goal and metric stack,v5_carried_forward,historical_alias,TASK-0582
V5-TASK-009,TASK-0580,EPIC-136,DONE,P0,,delivery/docs,,,,V5-GATE-009,Add vertical-slice ladder and dependency register,v5_carried_forward,historical_alias,TASK-0583;TASK-0584
V5-TASK-010,TASK-0581,EPIC-143,DONE,P1,,runtime/catalog,,,,V5-GATE-010,Define workflow handoff manifest,v5_carried_forward,historical_alias,TASK-0566
SD-TASK-001,TASK-0582,EPIC-136,DONE,P0,P0 Source freeze,delivery/product-governance,none,,,SD-GATE-001,Define CAPEX Product Goal and metric stack,capex_v6,active_task,
SD-TASK-002,TASK-0583,EPIC-136,DONE,P0,P0/P1 planning,delivery/backlog,SD-TASK-001,TASK-0582,,SD-GATE-002,Create CAPEX vertical-slice ladder,capex_v6,active_task,
SD-TASK-003,TASK-0584,EPIC-136,DONE,P0,P0/P1 planning,delivery/dependencies,SD-TASK-001,TASK-0582,,SD-GATE-003,Add dependency register and risk-based milestone overlay,capex_v6,active_task,
SD-TASK-004,TASK-0585,EPIC-136,DONE,P1,P0/P1 planning,delivery/backlog,SD-TASK-001,TASK-0582,,SD-GATE-004,Add backlog hierarchy and story decomposition templates,capex_v6,active_task,
SD-TASK-005,TASK-0586,EPIC-136,DONE,P1,P0/P1 planning,delivery/cadence,SD-TASK-001;SD-TASK-003,TASK-0582;TASK-0584,,SD-GATE-005,Define delivery operating cadence,capex_v6,active_task,
SD-TASK-006,TASK-0587,EPIC-136,DONE,P1,P0/P1 planning,delivery/roadmap,SD-TASK-001;SD-TASK-002;SD-TASK-003,TASK-0582;TASK-0583;TASK-0584,,SD-GATE-006,Add first-90-days execution overlay,capex_v6,active_task,
SD-TASK-007,TASK-0588,EPIC-136,DONE,P1,P0/P1 planning,delivery/quality,SD-TASK-004,TASK-0585,,SD-GATE-007,Add Definition of Ready / Done for CAPEX task classes,capex_v6,active_task,
TP-TASK-001,TASK-0589,EPIC-146,DONE,P0,P14A Three-project testing ladder and blind validation readiness,testing/EPIC-146,P0 blockers; fixture governance; no-raw-data policy,,P0 blockers; fixture governance; no-raw-data policy,TP-G01..TP-G12 as applicable,Create three-project fixture governance runbook,capex_v6,active_task,
TP-TASK-002,TASK-0590,EPIC-146,DONE,P0,P14A Three-project testing ladder and blind validation readiness,testing/EPIC-146,TP-TASK-001,TASK-0589,,TP-G01..TP-G12 as applicable,Build K12 expected-output manifest from pass11 artifacts,capex_v6,active_task,
TP-TASK-003,TASK-0591,EPIC-146,DONE,P1,P14A Three-project testing ladder and blind validation readiness,testing/EPIC-146,TP-TASK-001,TASK-0589,,TP-G01..TP-G12 as applicable,Build K3 mini-fixture expectation catalog from pass11 artifacts,capex_v6,active_task,
TP-TASK-004,TASK-0592,EPIC-147,DONE,P0,P14A Three-project testing ladder and blind validation readiness,testing/EPIC-147,TP-TASK-001,TASK-0589,,TP-G01..TP-G12 as applicable,Define blind validation freeze protocol,capex_v6,active_task,
TP-TASK-005,TASK-0593,EPIC-147,DONE,P0,P14A Three-project testing ladder and blind validation readiness,testing/EPIC-147,TP-TASK-001,TASK-0589,,TP-G01..TP-G12 as applicable,Create cross-project invariant scorecard,capex_v6,active_task,
TP-TASK-006,TASK-0594,EPIC-147,DONE,P0,P14A Three-project testing ladder and blind validation readiness,testing/EPIC-147,TP-TASK-001,TASK-0589,,TP-G01..TP-G12 as applicable,Wire agent Lab eval matrix to K12/K3/blind fixture tiers,capex_v6,active_task,
TP-TASK-007,TASK-0595,EPIC-148,DONE,P0,P14A Three-project testing ladder and blind validation readiness,testing/EPIC-148,P0 blockers; fixture governance; no-raw-data policy,,P0 blockers; fixture governance; no-raw-data policy,TP-G01..TP-G12 as applicable,Add full-project off-repo runbook for Codex,capex_v6,active_task,
TP-TASK-008,TASK-0596,EPIC-147,DONE,P1,P14A Three-project testing ladder and blind validation readiness,testing/EPIC-147,TP-TASK-001,TASK-0589,,TP-G01..TP-G12 as applicable,Add no-overfitting review checkpoint after blind baseline,capex_v6,active_task,
TP-TASK-009,TASK-0597,EPIC-146,DONE,P1,P14A Three-project testing ladder and blind validation readiness,testing/EPIC-146,TP-TASK-001,TASK-0589,,TP-G01..TP-G12 as applicable,Add project-oracle manifest format,capex_v6,active_task,
TP-TASK-010,TASK-0598,EPIC-147,DONE,P0,P14A Three-project testing ladder and blind validation readiness,testing/EPIC-147,TP-TASK-001,TASK-0589,,TP-G01..TP-G12 as applicable,Add fixture tier policy to CI planning,capex_v6,active_task,
PP-TASK-001,TASK-0599,EPIC-152,DONE,P0,"P15 Capacity, backup/restore, and controlled pilot readiness",production-preflight,TP-TASK-001..TP-TASK-010; P0 blocker remediation; release/migration/activation governance,TASK-0589;TASK-0590;TASK-0591;TASK-0592;TASK-0593;TASK-0594;TASK-0595;TASK-0596;TASK-0597;TASK-0598,P0 blocker remediation; release/migration/activation governance,PROD-PRE-G01..G10,Run production preflight readiness review,capex_v6,active_task,
PP-TASK-002,TASK-0600,EPIC-152,DONE,P0,"P15 Capacity, backup/restore, and controlled pilot readiness",production-preflight,TP-TASK-001..TP-TASK-010; P0 blocker remediation; release/migration/activation governance,TASK-0589;TASK-0590;TASK-0591;TASK-0592;TASK-0593;TASK-0594;TASK-0595;TASK-0596;TASK-0597;TASK-0598,P0 blocker remediation; release/migration/activation governance,PROD-PRE-G01,Verify P0 activation blockers are closed or explicitly waived,capex_v6,active_task,
PP-TASK-003,TASK-0601,EPIC-152,DONE,P0,"P15 Capacity, backup/restore, and controlled pilot readiness",production-preflight,TP-TASK-001..TP-TASK-010; P0 blocker remediation; release/migration/activation governance,TASK-0589;TASK-0590;TASK-0591;TASK-0592;TASK-0593;TASK-0594;TASK-0595;TASK-0596;TASK-0597;TASK-0598,P0 blocker remediation; release/migration/activation governance,PROD-PRE-G02..G05,Verify three-project evidence package,capex_v6,active_task,
PP-TASK-004,TASK-0602,EPIC-152,DONE,P0,"P15 Capacity, backup/restore, and controlled pilot readiness",production-preflight,TP-TASK-001..TP-TASK-010; P0 blocker remediation; release/migration/activation governance,TASK-0589;TASK-0590;TASK-0591;TASK-0592;TASK-0593;TASK-0594;TASK-0595;TASK-0596;TASK-0597;TASK-0598,P0 blocker remediation; release/migration/activation governance,PROD-PRE-G06,Verify raw-data quarantine and leak-scan evidence,capex_v6,active_task,
PP-TASK-005,TASK-0603,EPIC-152,DONE,P0,"P15 Capacity, backup/restore, and controlled pilot readiness",production-preflight,TP-TASK-001..TP-TASK-010; P0 blocker remediation; release/migration/activation governance,TASK-0589;TASK-0590;TASK-0591;TASK-0592;TASK-0593;TASK-0594;TASK-0595;TASK-0596;TASK-0597;TASK-0598,P0 blocker remediation; release/migration/activation governance,PROD-PRE-G07,"Verify capacity, backup, restore, and off-repo full-corpus run evidence",capex_v6,active_task,
PP-TASK-006,TASK-0604,EPIC-152,DONE,P0,"P15 Capacity, backup/restore, and controlled pilot readiness",production-preflight,TP-TASK-001..TP-TASK-010; P0 blocker remediation; release/migration/activation governance,TASK-0589;TASK-0590;TASK-0591;TASK-0592;TASK-0593;TASK-0594;TASK-0595;TASK-0596;TASK-0597;TASK-0598,P0 blocker remediation; release/migration/activation governance,PROD-PRE-G08,"Verify release bundle, migration lanes, activation gates, and rollback/compensation evidence",capex_v6,active_task,
PP-TASK-007,TASK-0605,EPIC-152,DONE,P0,"P15 Capacity, backup/restore, and controlled pilot readiness",production-preflight,TP-TASK-001..TP-TASK-010; P0 blocker remediation; release/migration/activation governance,TASK-0589;TASK-0590;TASK-0591;TASK-0592;TASK-0593;TASK-0594;TASK-0595;TASK-0596;TASK-0597;TASK-0598,P0 blocker remediation; release/migration/activation governance,PROD-PRE-G09,"Verify semantic MR, CODEOWNERS, review-tier, and CI gates are active",capex_v6,active_task,
PP-TASK-008,TASK-0606,EPIC-152,DONE,P0,"P15 Capacity, backup/restore, and controlled pilot readiness",production-preflight,TP-TASK-001..TP-TASK-010; P0 blocker remediation; release/migration/activation governance,TASK-0589;TASK-0590;TASK-0591;TASK-0592;TASK-0593;TASK-0594;TASK-0595;TASK-0596;TASK-0597;TASK-0598,P0 blocker remediation; release/migration/activation governance,PROD-PRE-G10,Produce production preflight go/no-go memorandum,capex_v6,active_task,
